2025-03-03 18:48:04.8937 Info Starting application... 
2025-03-03 18:48:05.4170 Info Now listening on: https://localhost:7208 
2025-03-03 18:48:05.4253 Info Now listening on: http://localhost:5254 
2025-03-03 18:48:05.4834 Info Application started. Press Ctrl+C to shut down. 
2025-03-03 18:48:05.4834 Info Hosting environment: Development 
2025-03-03 18:48:05.4834 Info Content root path: C:\Users\omend\Desktop\CG_Training(CLG)\GreetingApp\GreetingApp\HelloGreetingApplication\ 
2025-03-03 18:48:06.1722 Info Request starting HTTP/2 GET https://localhost:7208/HelloGreeting - - 
2025-03-03 18:48:06.3068 Info Executing endpoint 'HelloGreetingApplication.Controllers.HelloGreetingController.Get (HelloGreetingApplication)' 
2025-03-03 18:48:06.3286 Info Route matched with {action = "Get", controller = "HelloGreeting"}. Executing controller action with signature Microsoft.AspNetCore.Mvc.IActionResult Get() on controller HelloGreetingApplication.Controllers.HelloGreetingController (HelloGreetingApplication). 
2025-03-03 18:48:06.3286 Info GET request received 
2025-03-03 18:48:06.3506 Info Executing OkObjectResult, writing value of type 'ModelLayer.Model.ResponseModel`1[[System.String, System.Private.CoreLib, Version=6.0.0.0, Culture=neutral, PublicKeyToken=7cec85d7bea7798e]]'. 
2025-03-03 18:48:06.3661 Info Executed action HelloGreetingApplication.Controllers.HelloGreetingController.Get (HelloGreetingApplication) in 33.6798ms 
2025-03-03 18:48:06.3661 Info Executed endpoint 'HelloGreetingApplication.Controllers.HelloGreetingController.Get (HelloGreetingApplication)' 
2025-03-03 18:48:06.3708 Info Request finished HTTP/2 GET https://localhost:7208/HelloGreeting - - - 200 - application/json;+charset=utf-8 205.0693ms 
2025-03-03 18:52:44.2295 Info Starting application... 
2025-03-03 18:52:45.1241 Info Now listening on: https://localhost:7208 
2025-03-03 18:52:45.1241 Info Now listening on: http://localhost:5254 
2025-03-03 18:52:45.1874 Info Application started. Press Ctrl+C to shut down. 
2025-03-03 18:52:45.1874 Info Hosting environment: Development 
2025-03-03 18:52:45.1874 Info Content root path: C:\Users\omend\Desktop\CG_Training(CLG)\GreetingApp\GreetingApp\HelloGreetingApplication\ 
2025-03-03 18:52:45.6829 Info Request starting HTTP/2 GET https://localhost:7208/swagger - - 
2025-03-03 18:52:45.9390 Info Request finished HTTP/2 GET https://localhost:7208/swagger - - - 301 0 - 262.3407ms 
2025-03-03 18:52:45.9390 Info Request starting HTTP/2 GET https://localhost:7208/swagger/index.html - - 
2025-03-03 18:52:46.0506 Info Request finished HTTP/2 GET https://localhost:7208/swagger/index.html - - - 200 - text/html;charset=utf-8 97.1163ms 
2025-03-03 18:52:46.2596 Info Request starting HTTP/2 GET https://localhost:7208/swagger/swagger-ui.css - - 
2025-03-03 18:52:46.2849 Info Sending file. Request path: '/swagger-ui.css'. Physical path: 'N/A' 
2025-03-03 18:52:46.2849 Info Request finished HTTP/2 GET https://localhost:7208/swagger/swagger-ui.css - - - 200 154948 text/css 26.5998ms 
2025-03-03 18:52:46.2928 Info Request starting HTTP/2 GET https://localhost:7208/swagger/index.css - - 
2025-03-03 18:52:46.2928 Info Request starting HTTP/2 GET https://localhost:7208/swagger/swagger-ui-standalone-preset.js - - 
2025-03-03 18:52:46.2928 Info Request starting HTTP/2 GET https://localhost:7208/swagger/swagger-ui-bundle.js - - 
2025-03-03 18:52:46.2928 Info Request starting HTTP/2 GET https://localhost:7208/swagger/index.js - - 
2025-03-03 18:52:46.2928 Info Request starting HTTP/2 GET https://localhost:7208/_framework/aspnetcore-browser-refresh.js - - 
2025-03-03 18:52:46.2928 Info Request finished HTTP/2 GET https://localhost:7208/swagger/index.js - - - 200 - application/javascript;charset=utf-8 4.3890ms 
2025-03-03 18:52:46.3092 Info Sending file. Request path: '/index.css'. Physical path: 'N/A' 
2025-03-03 18:52:46.3092 Info Sending file. Request path: '/swagger-ui-standalone-preset.js'. Physical path: 'N/A' 
2025-03-03 18:52:46.3092 Info Request finished HTTP/2 GET https://localhost:7208/swagger/swagger-ui-standalone-preset.js - - - 200 229223 application/javascript 21.7638ms 
2025-03-03 18:52:46.3092 Info Request finished HTTP/2 GET https://localhost:7208/swagger/index.css - - - 200 202 text/css 22.1504ms 
2025-03-03 18:52:46.3092 Info Request finished HTTP/2 GET https://localhost:7208/_framework/aspnetcore-browser-refresh.js - - - 200 12380 application/javascript;+charset=utf-8 23.4406ms 
2025-03-03 18:52:46.3252 Info Sending file. Request path: '/swagger-ui-bundle.js'. Physical path: 'N/A' 
2025-03-03 18:52:46.3252 Info Request finished HTTP/2 GET https://localhost:7208/swagger/swagger-ui-bundle.js - - - 200 1466324 application/javascript 32.5704ms 
2025-03-03 18:52:46.5336 Info Request starting HTTP/2 GET https://localhost:7208/_vs/browserLink - - 
2025-03-03 18:52:46.6279 Info Request finished HTTP/2 GET https://localhost:7208/_vs/browserLink - - - 200 - text/javascript;+charset=UTF-8 94.1829ms 
2025-03-03 18:52:47.8966 Info Request starting HTTP/2 GET https://localhost:7208/swagger/v1/swagger.json - - 
2025-03-03 18:52:47.9041 Info Request finished HTTP/2 GET https://localhost:7208/swagger/v1/swagger.json - - - 200 - application/json;charset=utf-8 7.4724ms 
2025-03-03 18:52:47.9417 Info Request starting HTTP/2 GET https://localhost:7208/swagger/favicon-32x32.png - - 
2025-03-03 18:52:47.9417 Info Sending file. Request path: '/favicon-32x32.png'. Physical path: 'N/A' 
2025-03-03 18:52:47.9417 Info Request finished HTTP/2 GET https://localhost:7208/swagger/favicon-32x32.png - - - 200 628 image/png 1.2680ms 
2025-03-03 18:53:00.2788 Info Request starting HTTP/2 GET https://localhost:7208/HelloGreeting - - 
2025-03-03 18:53:00.2788 Info Executing endpoint 'HelloGreetingApplication.Controllers.HelloGreetingController.Get (HelloGreetingApplication)' 
2025-03-03 18:53:00.3016 Info Route matched with {action = "Get", controller = "HelloGreeting"}. Executing controller action with signature Microsoft.AspNetCore.Mvc.IActionResult Get() on controller HelloGreetingApplication.Controllers.HelloGreetingController (HelloGreetingApplication). 
2025-03-03 18:53:00.3115 Info GET request received 
2025-03-03 18:53:00.3115 Info Executing OkObjectResult, writing value of type 'ModelLayer.Model.ResponseModel`1[[System.String, System.Private.CoreLib, Version=6.0.0.0, Culture=neutral, PublicKeyToken=7cec85d7bea7798e]]'. 
2025-03-03 18:53:00.3259 Info Executed action HelloGreetingApplication.Controllers.HelloGreetingController.Get (HelloGreetingApplication) in 17.9629ms 
2025-03-03 18:53:00.3259 Info Executed endpoint 'HelloGreetingApplication.Controllers.HelloGreetingController.Get (HelloGreetingApplication)' 
2025-03-03 18:53:00.3259 Info Request finished HTTP/2 GET https://localhost:7208/HelloGreeting - - - 200 - application/json;+charset=utf-8 47.6770ms 
2025-03-03 18:53:30.8104 Info Request starting HTTP/2 POST https://localhost:7208/HelloGreeting application/json 43 
2025-03-03 18:53:30.8104 Info Executing endpoint 'HelloGreetingApplication.Controllers.HelloGreetingController.Post (HelloGreetingApplication)' 
2025-03-03 18:53:30.8410 Info Route matched with {action = "Post", controller = "HelloGreeting"}. Executing controller action with signature Microsoft.AspNetCore.Mvc.IActionResult Post(ModelLayer.Model.RequestModel) on controller HelloGreetingApplication.Controllers.HelloGreetingController (HelloGreetingApplication). 
2025-03-03 18:53:30.8791 Info Executing OkObjectResult, writing value of type 'ModelLayer.Model.ResponseModel`1[[System.String, System.Private.CoreLib, Version=6.0.0.0, Culture=neutral, PublicKeyToken=7cec85d7bea7798e]]'. 
2025-03-03 18:53:30.8791 Info Executed action HelloGreetingApplication.Controllers.HelloGreetingController.Post (HelloGreetingApplication) in 38.4746ms 
2025-03-03 18:53:30.8791 Info Executed endpoint 'HelloGreetingApplication.Controllers.HelloGreetingController.Post (HelloGreetingApplication)' 
2025-03-03 18:53:30.8791 Info Request finished HTTP/2 POST https://localhost:7208/HelloGreeting application/json 43 - 200 - application/json;+charset=utf-8 70.2378ms 
2025-03-03 18:53:50.1030 Info Request starting HTTP/2 GET https://localhost:7208/HelloGreeting - - 
2025-03-03 18:53:50.1030 Info Executing endpoint 'HelloGreetingApplication.Controllers.HelloGreetingController.Get (HelloGreetingApplication)' 
2025-03-03 18:53:50.1055 Info Route matched with {action = "Get", controller = "HelloGreeting"}. Executing controller action with signature Microsoft.AspNetCore.Mvc.IActionResult Get() on controller HelloGreetingApplication.Controllers.HelloGreetingController (HelloGreetingApplication). 
2025-03-03 18:53:50.1055 Info GET request received 
2025-03-03 18:53:50.1055 Info Executing OkObjectResult, writing value of type 'ModelLayer.Model.ResponseModel`1[[System.String, System.Private.CoreLib, Version=6.0.0.0, Culture=neutral, PublicKeyToken=7cec85d7bea7798e]]'. 
2025-03-03 18:53:50.1055 Info Executed action HelloGreetingApplication.Controllers.HelloGreetingController.Get (HelloGreetingApplication) in 0.6505ms 
2025-03-03 18:53:50.1055 Info Executed endpoint 'HelloGreetingApplication.Controllers.HelloGreetingController.Get (HelloGreetingApplication)' 
2025-03-03 18:53:50.1055 Info Request finished HTTP/2 GET https://localhost:7208/HelloGreeting - - - 200 - application/json;+charset=utf-8 3.8152ms 
2025-03-04 11:38:04.4116 Info Starting application... 
2025-03-04 11:38:05.2749 Info Now listening on: https://localhost:7208 
2025-03-04 11:38:05.2825 Info Now listening on: http://localhost:5254 
2025-03-04 11:38:05.4388 Info Application started. Press Ctrl+C to shut down. 
2025-03-04 11:38:05.4388 Info Hosting environment: Development 
2025-03-04 11:38:05.4388 Info Content root path: C:\Users\Prashant\Desktop\GreetingApp\GreetingApp\HelloGreetingApplication\ 
2025-03-04 11:38:05.7577 Info Request starting HTTP/2 GET https://localhost:7208/swagger - - 
2025-03-04 11:38:05.9552 Info Request finished HTTP/2 GET https://localhost:7208/swagger - - - 301 0 - 198.9120ms 
2025-03-04 11:38:05.9552 Info Request starting HTTP/2 GET https://localhost:7208/swagger/index.html - - 
2025-03-04 11:38:06.0615 Info Request finished HTTP/2 GET https://localhost:7208/swagger/index.html - - - 200 - text/html;charset=utf-8 96.0162ms 
2025-03-04 11:38:06.0731 Info Request starting HTTP/2 GET https://localhost:7208/swagger/swagger-ui.css - - 
2025-03-04 11:38:06.1001 Info Sending file. Request path: '/swagger-ui.css'. Physical path: 'N/A' 
2025-03-04 11:38:06.1001 Info Request finished HTTP/2 GET https://localhost:7208/swagger/swagger-ui.css - - - 200 154948 text/css 29.0944ms 
2025-03-04 11:38:06.1345 Info Request starting HTTP/2 GET https://localhost:7208/swagger/index.css - - 
2025-03-04 11:38:06.1345 Info Request starting HTTP/2 GET https://localhost:7208/swagger/swagger-ui-standalone-preset.js - - 
2025-03-04 11:38:06.1345 Info Request starting HTTP/2 GET https://localhost:7208/swagger/index.js - - 
2025-03-04 11:38:06.1345 Info Sending file. Request path: '/index.css'. Physical path: 'N/A' 
2025-03-04 11:38:06.1464 Info Request starting HTTP/2 GET https://localhost:7208/swagger/swagger-ui-bundle.js - - 
2025-03-04 11:38:06.1464 Info Request starting HTTP/2 GET https://localhost:7208/_framework/aspnetcore-browser-refresh.js - - 
2025-03-04 11:38:06.1464 Info Request starting HTTP/2 GET https://localhost:7208/_vs/browserLink - - 
2025-03-04 11:38:06.1676 Info Request finished HTTP/2 GET https://localhost:7208/swagger/index.css - - - 200 202 text/css 31.7956ms 
2025-03-04 11:38:06.1720 Info Request finished HTTP/2 GET https://localhost:7208/swagger/index.js - - - 200 - application/javascript;charset=utf-8 36.4646ms 
2025-03-04 11:38:06.1720 Info Sending file. Request path: '/swagger-ui-standalone-preset.js'. Physical path: 'N/A' 
2025-03-04 11:38:06.1720 Info Request finished HTTP/2 GET https://localhost:7208/swagger/swagger-ui-standalone-preset.js - - - 200 229223 application/javascript 42.0901ms 
2025-03-04 11:38:06.1720 Info Request finished HTTP/2 GET https://localhost:7208/_framework/aspnetcore-browser-refresh.js - - - 200 12380 application/javascript;+charset=utf-8 30.1082ms 
2025-03-04 11:38:06.1935 Info Sending file. Request path: '/swagger-ui-bundle.js'. Physical path: 'N/A' 
2025-03-04 11:38:06.1935 Info Request finished HTTP/2 GET https://localhost:7208/swagger/swagger-ui-bundle.js - - - 200 1466324 application/javascript 47.2898ms 
2025-03-04 11:38:06.2485 Info Request finished HTTP/2 GET https://localhost:7208/_vs/browserLink - - - 200 - text/javascript;+charset=UTF-8 100.3305ms 
2025-03-04 11:38:06.4102 Info Request starting HTTP/2 GET https://localhost:7208/swagger/v1/swagger.json - - 
2025-03-04 11:38:06.4102 Info Request finished HTTP/2 GET https://localhost:7208/swagger/v1/swagger.json - - - 200 - application/json;charset=utf-8 9.3948ms 
2025-03-04 11:38:06.4423 Info Request starting HTTP/2 GET https://localhost:7208/swagger/favicon-32x32.png - - 
2025-03-04 11:38:06.4423 Info Sending file. Request path: '/favicon-32x32.png'. Physical path: 'N/A' 
2025-03-04 11:38:06.4423 Info Request finished HTTP/2 GET https://localhost:7208/swagger/favicon-32x32.png - - - 200 628 image/png 0.5010ms 
2025-03-04 11:38:25.2710 Info Request starting HTTP/2 GET https://localhost:7208/HelloGreeting - - 
2025-03-04 11:38:25.2844 Info Executing endpoint 'HelloGreetingApplication.Controllers.HelloGreetingController.Get (HelloGreetingApplication)' 
2025-03-04 11:38:25.3260 Info Route matched with {action = "Get", controller = "HelloGreeting"}. Executing controller action with signature Microsoft.AspNetCore.Mvc.IActionResult Get() on controller HelloGreetingApplication.Controllers.HelloGreetingController (HelloGreetingApplication). 
2025-03-04 11:38:25.3965 Info GET request received 
2025-03-04 11:38:25.3965 Info Executing OkObjectResult, writing value of type 'ModelLayer.Model.ResponseModel`1[[System.String, System.Private.CoreLib, Version=6.0.0.0, Culture=neutral, PublicKeyToken=7cec85d7bea7798e]]'. 
2025-03-04 11:38:25.4274 Info Executed action HelloGreetingApplication.Controllers.HelloGreetingController.Get (HelloGreetingApplication) in 81.4879ms 
2025-03-04 11:38:25.4274 Info Executed endpoint 'HelloGreetingApplication.Controllers.HelloGreetingController.Get (HelloGreetingApplication)' 
2025-03-04 11:38:25.4274 Info Request finished HTTP/2 GET https://localhost:7208/HelloGreeting - - - 200 - application/json;+charset=utf-8 159.3467ms 
2025-03-04 11:58:56.4644 Info Starting application... 
2025-03-04 11:58:57.4854 Info Now listening on: https://localhost:7208 
2025-03-04 11:58:57.4854 Info Now listening on: http://localhost:5254 
2025-03-04 11:58:57.5567 Info Application started. Press Ctrl+C to shut down. 
2025-03-04 11:58:57.5567 Info Hosting environment: Development 
2025-03-04 11:58:57.5567 Info Content root path: C:\Users\Prashant\Desktop\GreetingApp\GreetingApp\HelloGreetingApplication\ 
2025-03-04 11:58:57.9114 Info Request starting HTTP/2 GET https://localhost:7208/swagger/index.html - - 
2025-03-04 11:58:58.2694 Info Request finished HTTP/2 GET https://localhost:7208/swagger/index.html - - - 200 - text/html;charset=utf-8 361.2609ms 
2025-03-04 11:58:58.2924 Info Request starting HTTP/2 GET https://localhost:7208/swagger/index.js - - 
2025-03-04 11:58:58.2924 Info Request starting HTTP/2 GET https://localhost:7208/_framework/aspnetcore-browser-refresh.js - - 
2025-03-04 11:58:58.2924 Info Request starting HTTP/2 GET https://localhost:7208/_vs/browserLink - - 
2025-03-04 11:58:58.3011 Info Request finished HTTP/2 GET https://localhost:7208/swagger/index.js - - - 200 - application/javascript;charset=utf-8 8.6899ms 
2025-03-04 11:58:58.3261 Info Request finished HTTP/2 GET https://localhost:7208/_framework/aspnetcore-browser-refresh.js - - - 200 12380 application/javascript;+charset=utf-8 33.7662ms 
2025-03-04 11:58:58.4105 Info Request finished HTTP/2 GET https://localhost:7208/_vs/browserLink - - - 200 - text/javascript;+charset=UTF-8 116.8957ms 
2025-03-04 11:58:58.5067 Info Request starting HTTP/2 GET https://localhost:7208/swagger/v1/swagger.json - - 
2025-03-04 11:58:58.5067 Info Request finished HTTP/2 GET https://localhost:7208/swagger/v1/swagger.json - - - 200 - application/json;charset=utf-8 5.3467ms 
2025-03-04 11:59:26.8296 Info Request starting HTTP/2 PUT https://localhost:7208/HelloGreeting application/json 37 
2025-03-04 11:59:26.8558 Info Executing endpoint 'HelloGreetingApplication.Controllers.HelloGreetingController.Put (HelloGreetingApplication)' 
2025-03-04 11:59:26.9003 Info Route matched with {action = "Put", controller = "HelloGreeting"}. Executing controller action with signature Microsoft.AspNetCore.Mvc.IActionResult Put(ModelLayer.Model.RequestModel) on controller HelloGreetingApplication.Controllers.HelloGreetingController (HelloGreetingApplication). 
2025-03-04 11:59:26.9806 Info Put request received and processed. 
2025-03-04 11:59:26.9938 Info Executing OkObjectResult, writing value of type 'ModelLayer.Model.ResponseModel`1[[System.String, System.Private.CoreLib, Version=6.0.0.0, Culture=neutral, PublicKeyToken=7cec85d7bea7798e]]'. 
2025-03-04 11:59:27.0119 Info Executed action HelloGreetingApplication.Controllers.HelloGreetingController.Put (HelloGreetingApplication) in 99.1855ms 
2025-03-04 11:59:27.0119 Info Executed endpoint 'HelloGreetingApplication.Controllers.HelloGreetingController.Put (HelloGreetingApplication)' 
2025-03-04 11:59:27.0119 Info Request finished HTTP/2 PUT https://localhost:7208/HelloGreeting application/json 37 - 200 - application/json;+charset=utf-8 182.8574ms 
2025-03-04 11:59:53.6596 Info Request starting HTTP/2 GET https://localhost:7208/HelloGreeting - - 
2025-03-04 11:59:53.6596 Info Executing endpoint 'HelloGreetingApplication.Controllers.HelloGreetingController.Get (HelloGreetingApplication)' 
2025-03-04 11:59:53.6771 Info Route matched with {action = "Get", controller = "HelloGreeting"}. Executing controller action with signature Microsoft.AspNetCore.Mvc.IActionResult Get() on controller HelloGreetingApplication.Controllers.HelloGreetingController (HelloGreetingApplication). 
2025-03-04 11:59:53.6771 Info GET request received 
2025-03-04 11:59:53.6771 Info Executing OkObjectResult, writing value of type 'ModelLayer.Model.ResponseModel`1[[System.String, System.Private.CoreLib, Version=6.0.0.0, Culture=neutral, PublicKeyToken=7cec85d7bea7798e]]'. 
2025-03-04 11:59:53.6771 Info Executed action HelloGreetingApplication.Controllers.HelloGreetingController.Get (HelloGreetingApplication) in 1.3013ms 
2025-03-04 11:59:53.6771 Info Executed endpoint 'HelloGreetingApplication.Controllers.HelloGreetingController.Get (HelloGreetingApplication)' 
2025-03-04 11:59:53.6771 Info Request finished HTTP/2 GET https://localhost:7208/HelloGreeting - - - 200 - application/json;+charset=utf-8 26.1703ms 
2025-03-04 12:00:18.0721 Info Request starting HTTP/2 POST https://localhost:7208/HelloGreeting application/json 37 
2025-03-04 12:00:18.0721 Info Executing endpoint 'HelloGreetingApplication.Controllers.HelloGreetingController.Post (HelloGreetingApplication)' 
2025-03-04 12:00:18.0860 Info Route matched with {action = "Post", controller = "HelloGreeting"}. Executing controller action with signature Microsoft.AspNetCore.Mvc.IActionResult Post(ModelLayer.Model.RequestModel) on controller HelloGreetingApplication.Controllers.HelloGreetingController (HelloGreetingApplication). 
2025-03-04 12:00:18.0860 Info Post request received and procesed. 
2025-03-04 12:00:18.0860 Info Executing OkObjectResult, writing value of type 'ModelLayer.Model.ResponseModel`1[[System.String, System.Private.CoreLib, Version=6.0.0.0, Culture=neutral, PublicKeyToken=7cec85d7bea7798e]]'. 
2025-03-04 12:00:18.0860 Info Executed action HelloGreetingApplication.Controllers.HelloGreetingController.Post (HelloGreetingApplication) in 2.3479ms 
2025-03-04 12:00:18.0860 Info Executed endpoint 'HelloGreetingApplication.Controllers.HelloGreetingController.Post (HelloGreetingApplication)' 
2025-03-04 12:00:18.0860 Info Request finished HTTP/2 POST https://localhost:7208/HelloGreeting application/json 37 - 200 - application/json;+charset=utf-8 16.5906ms 
2025-03-04 12:08:05.8698 Info Starting application... 
2025-03-04 12:08:06.7189 Info Now listening on: https://localhost:7208 
2025-03-04 12:08:06.7189 Info Now listening on: http://localhost:5254 
2025-03-04 12:08:06.7834 Info Application started. Press Ctrl+C to shut down. 
2025-03-04 12:08:06.7834 Info Hosting environment: Development 
2025-03-04 12:08:06.7834 Info Content root path: C:\Users\Prashant\Desktop\GreetingApp\GreetingApp\HelloGreetingApplication\ 
2025-03-04 12:08:06.9548 Info Request starting HTTP/2 GET https://localhost:7208/swagger/index.html - - 
2025-03-04 12:08:07.2228 Info Request finished HTTP/2 GET https://localhost:7208/swagger/index.html - - - 200 - text/html;charset=utf-8 269.9303ms 
2025-03-04 12:08:07.2371 Info Request starting HTTP/2 GET https://localhost:7208/_framework/aspnetcore-browser-refresh.js - - 
2025-03-04 12:08:07.2371 Info Request starting HTTP/2 GET https://localhost:7208/_vs/browserLink - - 
2025-03-04 12:08:07.2371 Info Request starting HTTP/2 GET https://localhost:7208/swagger/index.js - - 
2025-03-04 12:08:07.2371 Info Request finished HTTP/2 GET https://localhost:7208/swagger/index.js - - - 200 - application/javascript;charset=utf-8 1.6196ms 
2025-03-04 12:08:07.2371 Info Request finished HTTP/2 GET https://localhost:7208/_framework/aspnetcore-browser-refresh.js - - - 200 12380 application/javascript;+charset=utf-8 4.7672ms 
2025-03-04 12:08:07.3060 Info Request finished HTTP/2 GET https://localhost:7208/_vs/browserLink - - - 200 - text/javascript;+charset=UTF-8 68.7820ms 
2025-03-04 12:08:07.3424 Info Request starting HTTP/2 GET https://localhost:7208/swagger/v1/swagger.json - - 
2025-03-04 12:08:07.3480 Info Request finished HTTP/2 GET https://localhost:7208/swagger/v1/swagger.json - - - 200 - application/json;charset=utf-8 5.8094ms 
2025-03-04 12:08:27.5763 Info Request starting HTTP/2 PUT https://localhost:7208/HelloGreeting application/json 37 
2025-03-04 12:08:27.5889 Info Executing endpoint 'HelloGreetingApplication.Controllers.HelloGreetingController.Put (HelloGreetingApplication)' 
2025-03-04 12:08:27.6279 Info Route matched with {action = "Put", controller = "HelloGreeting"}. Executing controller action with signature Microsoft.AspNetCore.Mvc.IActionResult Put(ModelLayer.Model.RequestModel) on controller HelloGreetingApplication.Controllers.HelloGreetingController (HelloGreetingApplication). 
2025-03-04 12:08:27.6888 Info Put request received and processed. 
2025-03-04 12:08:27.6888 Info Executing OkObjectResult, writing value of type 'ModelLayer.Model.ResponseModel`1[[System.String, System.Private.CoreLib, Version=6.0.0.0, Culture=neutral, PublicKeyToken=7cec85d7bea7798e]]'. 
2025-03-04 12:08:27.7077 Info Executed action HelloGreetingApplication.Controllers.HelloGreetingController.Put (HelloGreetingApplication) in 73.32ms 
2025-03-04 12:08:27.7077 Info Executed endpoint 'HelloGreetingApplication.Controllers.HelloGreetingController.Put (HelloGreetingApplication)' 
2025-03-04 12:08:27.7077 Info Request finished HTTP/2 PUT https://localhost:7208/HelloGreeting application/json 37 - 200 - application/json;+charset=utf-8 131.6461ms 
2025-03-04 12:08:28.4593 Info Request starting HTTP/2 PUT https://localhost:7208/HelloGreeting application/json 37 
2025-03-04 12:08:28.4593 Info Executing endpoint 'HelloGreetingApplication.Controllers.HelloGreetingController.Put (HelloGreetingApplication)' 
2025-03-04 12:08:28.4593 Info Route matched with {action = "Put", controller = "HelloGreeting"}. Executing controller action with signature Microsoft.AspNetCore.Mvc.IActionResult Put(ModelLayer.Model.RequestModel) on controller HelloGreetingApplication.Controllers.HelloGreetingController (HelloGreetingApplication). 
2025-03-04 12:08:28.4593 Info Put request received and processed. 
2025-03-04 12:08:28.4593 Info Executing OkObjectResult, writing value of type 'ModelLayer.Model.ResponseModel`1[[System.String, System.Private.CoreLib, Version=6.0.0.0, Culture=neutral, PublicKeyToken=7cec85d7bea7798e]]'. 
2025-03-04 12:08:28.4593 Info Executed action HelloGreetingApplication.Controllers.HelloGreetingController.Put (HelloGreetingApplication) in 1.4311ms 
2025-03-04 12:08:28.4593 Info Executed endpoint 'HelloGreetingApplication.Controllers.HelloGreetingController.Put (HelloGreetingApplication)' 
2025-03-04 12:08:28.4593 Info Request finished HTTP/2 PUT https://localhost:7208/HelloGreeting application/json 37 - 200 - application/json;+charset=utf-8 2.8598ms 
2025-03-04 12:12:41.4667 Info Starting application... 
2025-03-04 12:12:42.2303 Info Now listening on: https://localhost:7208 
2025-03-04 12:12:42.2368 Info Now listening on: http://localhost:5254 
2025-03-04 12:12:42.2673 Info Application started. Press Ctrl+C to shut down. 
2025-03-04 12:12:42.2673 Info Hosting environment: Development 
2025-03-04 12:12:42.2673 Info Content root path: C:\Users\Prashant\Desktop\GreetingApp\GreetingApp\HelloGreetingApplication\ 
2025-03-04 12:12:42.7847 Info Request starting HTTP/2 GET https://localhost:7208/swagger/index.html - - 
2025-03-04 12:12:43.0324 Info Request finished HTTP/2 GET https://localhost:7208/swagger/index.html - - - 200 - text/html;charset=utf-8 249.4299ms 
2025-03-04 12:12:43.0324 Info Request starting HTTP/2 GET https://localhost:7208/_framework/aspnetcore-browser-refresh.js - - 
2025-03-04 12:12:43.0324 Info Request starting HTTP/2 GET https://localhost:7208/_vs/browserLink - - 
2025-03-04 12:12:43.0324 Info Request starting HTTP/2 GET https://localhost:7208/swagger/index.js - - 
2025-03-04 12:12:43.0324 Info Request finished HTTP/2 GET https://localhost:7208/swagger/index.js - - - 200 - application/javascript;charset=utf-8 1.6126ms 
2025-03-04 12:12:43.0491 Info Request finished HTTP/2 GET https://localhost:7208/_framework/aspnetcore-browser-refresh.js - - - 200 12380 application/javascript;+charset=utf-8 4.9430ms 
2025-03-04 12:12:43.0981 Info Request finished HTTP/2 GET https://localhost:7208/_vs/browserLink - - - 200 - text/javascript;+charset=UTF-8 53.8510ms 
2025-03-04 12:12:43.1303 Info Request starting HTTP/2 GET https://localhost:7208/swagger/v1/swagger.json - - 
2025-03-04 12:12:43.1303 Info Request finished HTTP/2 GET https://localhost:7208/swagger/v1/swagger.json - - - 200 - application/json;charset=utf-8 4.9662ms 
2025-03-04 14:29:08.4249 Info Starting application... 
2025-03-04 14:29:09.7970 Info Now listening on: https://localhost:7208 
2025-03-04 14:29:09.7970 Info Now listening on: http://localhost:5254 
2025-03-04 14:29:09.8786 Info Application started. Press Ctrl+C to shut down. 
2025-03-04 14:29:09.8786 Info Hosting environment: Development 
2025-03-04 14:29:09.8786 Info Content root path: C:\Users\Prashant\Desktop\GreetingApp\GreetingApp\HelloGreetingApplication\ 
2025-03-04 14:29:10.5868 Info Request starting HTTP/2 GET https://localhost:7208/swagger/index.html - - 
2025-03-04 14:29:10.9016 Info Request finished HTTP/2 GET https://localhost:7208/swagger/index.html - - - 200 - text/html;charset=utf-8 316.2719ms 
2025-03-04 14:29:10.9206 Info Request starting HTTP/2 GET https://localhost:7208/swagger/index.js - - 
2025-03-04 14:29:10.9206 Info Request starting HTTP/2 GET https://localhost:7208/_vs/browserLink - - 
2025-03-04 14:29:10.9206 Info Request starting HTTP/2 GET https://localhost:7208/_framework/aspnetcore-browser-refresh.js - - 
2025-03-04 14:29:10.9230 Info Request finished HTTP/2 GET https://localhost:7208/swagger/index.js - - - 200 - application/javascript;charset=utf-8 2.3451ms 
2025-03-04 14:29:10.9230 Info Request finished HTTP/2 GET https://localhost:7208/_framework/aspnetcore-browser-refresh.js - - - 200 12380 application/javascript;+charset=utf-8 13.5774ms 
2025-03-04 14:29:11.0066 Info Request finished HTTP/2 GET https://localhost:7208/_vs/browserLink - - - 200 - text/javascript;+charset=UTF-8 85.9765ms 
2025-03-04 14:29:11.2409 Info Request starting HTTP/2 GET https://localhost:7208/swagger/v1/swagger.json - - 
2025-03-04 14:29:11.2409 Info Request finished HTTP/2 GET https://localhost:7208/swagger/v1/swagger.json - - - 200 - application/json;charset=utf-8 5.0576ms 
2025-03-04 14:29:18.8137 Info Request starting HTTP/2 GET https://localhost:7208/HelloGreeting - - 
2025-03-04 14:29:18.8282 Info Executing endpoint 'HelloGreetingApplication.Controllers.HelloGreetingController.Get (HelloGreetingApplication)' 
2025-03-04 14:29:18.9245 Info Route matched with {action = "Get", controller = "HelloGreeting"}. Executing controller action with signature Microsoft.AspNetCore.Mvc.IActionResult Get() on controller HelloGreetingApplication.Controllers.HelloGreetingController (HelloGreetingApplication). 
2025-03-04 14:29:18.9387 Info Executed action HelloGreetingApplication.Controllers.HelloGreetingController.Get (HelloGreetingApplication) in 4.578ms 
2025-03-04 14:29:18.9387 Info Executed endpoint 'HelloGreetingApplication.Controllers.HelloGreetingController.Get (HelloGreetingApplication)' 
2025-03-04 14:29:18.9387 Error An unhandled exception has occurred while executing the request. System.InvalidOperationException: Unable to resolve service for type 'BusinessLayer.Interface.IGreetingBL' while attempting to activate 'HelloGreetingApplication.Controllers.HelloGreetingController'.
   at Microsoft.Extensions.DependencyInjection.ActivatorUtilities.GetService(IServiceProvider sp, Type type, Type requiredBy, Boolean isDefaultParameterRequired)
   at lambda_method3(Closure , IServiceProvider , Object[] )
   at Microsoft.AspNetCore.Mvc.Controllers.ControllerActivatorProvider.<>c__DisplayClass7_0.<CreateActivator>b__0(ControllerContext controllerContext)
   at Microsoft.AspNetCore.Mvc.Controllers.ControllerFactoryProvider.<>c__DisplayClass6_0.<CreateControllerFactory>g__CreateController|0(ControllerContext controllerContext)
   at Microsoft.AspNetCore.Mvc.Infrastructure.ControllerActionInvoker.Next(State& next, Scope& scope, Object& state, Boolean& isCompleted)
   at Microsoft.AspNetCore.Mvc.Infrastructure.ControllerActionInvoker.InvokeInnerFilterAsync()
--- End of stack trace from previous location ---
   at Microsoft.AspNetCore.Mvc.Infrastructure.ResourceInvoker.<InvokeFilterPipelineAsync>g__Awaited|20_0(ResourceInvoker invoker, Task lastTask, State next, Scope scope, Object state, Boolean isCompleted)
   at Microsoft.AspNetCore.Mvc.Infrastructure.ResourceInvoker.<InvokeAsync>g__Logged|17_1(ResourceInvoker invoker)
   at Microsoft.AspNetCore.Mvc.Infrastructure.ResourceInvoker.<InvokeAsync>g__Logged|17_1(ResourceInvoker invoker)
   at Microsoft.AspNetCore.Routing.EndpointMiddleware.<Invoke>g__AwaitRequestTask|6_0(Endpoint endpoint, Task requestTask, ILogger logger)
   at Microsoft.AspNetCore.Authorization.AuthorizationMiddleware.Invoke(HttpContext context)
   at Swashbuckle.AspNetCore.SwaggerUI.SwaggerUIMiddleware.Invoke(HttpContext httpContext)
   at Swashbuckle.AspNetCore.Swagger.SwaggerMiddleware.Invoke(HttpContext httpContext, ISwaggerProvider swaggerProvider)
   at Microsoft.AspNetCore.Diagnostics.DeveloperExceptionPageMiddleware.Invoke(HttpContext context)
2025-03-04 14:29:19.0859 Info Request finished HTTP/2 GET https://localhost:7208/HelloGreeting - - - 500 - text/plain;+charset=utf-8 272.1014ms 
2025-03-04 14:29:55.1865 Info Starting application... 
2025-03-04 14:29:56.0056 Info Now listening on: https://localhost:7208 
2025-03-04 14:29:56.0056 Info Now listening on: http://localhost:5254 
2025-03-04 14:29:56.0531 Info Application started. Press Ctrl+C to shut down. 
2025-03-04 14:29:56.0531 Info Hosting environment: Development 
2025-03-04 14:29:56.0531 Info Content root path: C:\Users\Prashant\Desktop\GreetingApp\GreetingApp\HelloGreetingApplication\ 
2025-03-04 14:29:56.6384 Info Request starting HTTP/2 GET https://localhost:7208/swagger/index.html - - 
2025-03-04 14:29:57.0503 Info Request finished HTTP/2 GET https://localhost:7208/swagger/index.html - - - 200 - text/html;charset=utf-8 415.2794ms 
2025-03-04 14:29:57.0914 Info Request starting HTTP/2 GET https://localhost:7208/_vs/browserLink - - 
2025-03-04 14:29:57.0914 Info Request starting HTTP/2 GET https://localhost:7208/_framework/aspnetcore-browser-refresh.js - - 
2025-03-04 14:29:57.0914 Info Request starting HTTP/2 GET https://localhost:7208/swagger/index.js - - 
2025-03-04 14:29:57.0996 Info Request finished HTTP/2 GET https://localhost:7208/_framework/aspnetcore-browser-refresh.js - - - 200 12380 application/javascript;+charset=utf-8 7.8759ms 
2025-03-04 14:29:57.0996 Info Request finished HTTP/2 GET https://localhost:7208/swagger/index.js - - - 200 - application/javascript;charset=utf-8 6.5209ms 
2025-03-04 14:29:57.2331 Info Request finished HTTP/2 GET https://localhost:7208/_vs/browserLink - - - 200 - text/javascript;+charset=UTF-8 141.5764ms 
2025-03-04 14:29:57.3798 Info Request starting HTTP/2 GET https://localhost:7208/swagger/v1/swagger.json - - 
2025-03-04 14:29:57.3798 Info Request finished HTTP/2 GET https://localhost:7208/swagger/v1/swagger.json - - - 200 - application/json;charset=utf-8 6.7839ms 
2025-03-04 14:30:18.9992 Info Request starting HTTP/2 GET https://localhost:7208/HelloGreeting - - 
2025-03-04 14:30:19.0131 Info Executing endpoint 'HelloGreetingApplication.Controllers.HelloGreetingController.Get (HelloGreetingApplication)' 
2025-03-04 14:30:19.0473 Info Route matched with {action = "Get", controller = "HelloGreeting"}. Executing controller action with signature Microsoft.AspNetCore.Mvc.IActionResult Get() on controller HelloGreetingApplication.Controllers.HelloGreetingController (HelloGreetingApplication). 
2025-03-04 14:30:19.0473 Info Executed action HelloGreetingApplication.Controllers.HelloGreetingController.Get (HelloGreetingApplication) in 3.7888ms 
2025-03-04 14:30:19.0626 Info Executed endpoint 'HelloGreetingApplication.Controllers.HelloGreetingController.Get (HelloGreetingApplication)' 
2025-03-04 14:30:19.0626 Error An unhandled exception has occurred while executing the request. System.InvalidOperationException: Unable to resolve service for type 'BusinessLayer.Interface.IGreetingBL' while attempting to activate 'HelloGreetingApplication.Controllers.HelloGreetingController'.
   at Microsoft.Extensions.DependencyInjection.ActivatorUtilities.GetService(IServiceProvider sp, Type type, Type requiredBy, Boolean isDefaultParameterRequired)
   at lambda_method3(Closure , IServiceProvider , Object[] )
   at Microsoft.AspNetCore.Mvc.Controllers.ControllerActivatorProvider.<>c__DisplayClass7_0.<CreateActivator>b__0(ControllerContext controllerContext)
   at Microsoft.AspNetCore.Mvc.Controllers.ControllerFactoryProvider.<>c__DisplayClass6_0.<CreateControllerFactory>g__CreateController|0(ControllerContext controllerContext)
   at Microsoft.AspNetCore.Mvc.Infrastructure.ControllerActionInvoker.Next(State& next, Scope& scope, Object& state, Boolean& isCompleted)
   at Microsoft.AspNetCore.Mvc.Infrastructure.ControllerActionInvoker.InvokeInnerFilterAsync()
--- End of stack trace from previous location ---
   at Microsoft.AspNetCore.Mvc.Infrastructure.ResourceInvoker.<InvokeFilterPipelineAsync>g__Awaited|20_0(ResourceInvoker invoker, Task lastTask, State next, Scope scope, Object state, Boolean isCompleted)
   at Microsoft.AspNetCore.Mvc.Infrastructure.ResourceInvoker.<InvokeAsync>g__Logged|17_1(ResourceInvoker invoker)
   at Microsoft.AspNetCore.Mvc.Infrastructure.ResourceInvoker.<InvokeAsync>g__Logged|17_1(ResourceInvoker invoker)
   at Microsoft.AspNetCore.Routing.EndpointMiddleware.<Invoke>g__AwaitRequestTask|6_0(Endpoint endpoint, Task requestTask, ILogger logger)
   at Microsoft.AspNetCore.Authorization.AuthorizationMiddleware.Invoke(HttpContext context)
   at Swashbuckle.AspNetCore.SwaggerUI.SwaggerUIMiddleware.Invoke(HttpContext httpContext)
   at Swashbuckle.AspNetCore.Swagger.SwaggerMiddleware.Invoke(HttpContext httpContext, ISwaggerProvider swaggerProvider)
   at Microsoft.AspNetCore.Diagnostics.DeveloperExceptionPageMiddleware.Invoke(HttpContext context)
2025-03-04 14:30:19.1327 Info Request finished HTTP/2 GET https://localhost:7208/HelloGreeting - - - 500 - text/plain;+charset=utf-8 133.6958ms 
2025-03-04 14:32:13.5791 Info Request starting HTTP/2 POST https://localhost:7208/HelloGreeting application/json 37 
2025-03-04 14:32:13.5791 Info Executing endpoint 'HelloGreetingApplication.Controllers.HelloGreetingController.Post (HelloGreetingApplication)' 
2025-03-04 14:32:13.6209 Info Route matched with {action = "Post", controller = "HelloGreeting"}. Executing controller action with signature Microsoft.AspNetCore.Mvc.IActionResult Post(ModelLayer.Model.RequestModel) on controller HelloGreetingApplication.Controllers.HelloGreetingController (HelloGreetingApplication). 
2025-03-04 14:32:13.6209 Info Executed action HelloGreetingApplication.Controllers.HelloGreetingController.Post (HelloGreetingApplication) in 1.0722ms 
2025-03-04 14:32:13.6209 Info Executed endpoint 'HelloGreetingApplication.Controllers.HelloGreetingController.Post (HelloGreetingApplication)' 
2025-03-04 14:32:13.6209 Error An unhandled exception has occurred while executing the request. System.InvalidOperationException: Unable to resolve service for type 'BusinessLayer.Interface.IGreetingBL' while attempting to activate 'HelloGreetingApplication.Controllers.HelloGreetingController'.
   at Microsoft.Extensions.DependencyInjection.ActivatorUtilities.GetService(IServiceProvider sp, Type type, Type requiredBy, Boolean isDefaultParameterRequired)
   at lambda_method5(Closure , IServiceProvider , Object[] )
   at Microsoft.AspNetCore.Mvc.Controllers.ControllerActivatorProvider.<>c__DisplayClass7_0.<CreateActivator>b__0(ControllerContext controllerContext)
   at Microsoft.AspNetCore.Mvc.Controllers.ControllerFactoryProvider.<>c__DisplayClass6_0.<CreateControllerFactory>g__CreateController|0(ControllerContext controllerContext)
   at Microsoft.AspNetCore.Mvc.Infrastructure.ControllerActionInvoker.Next(State& next, Scope& scope, Object& state, Boolean& isCompleted)
   at Microsoft.AspNetCore.Mvc.Infrastructure.ControllerActionInvoker.InvokeInnerFilterAsync()
--- End of stack trace from previous location ---
   at Microsoft.AspNetCore.Mvc.Infrastructure.ResourceInvoker.<InvokeFilterPipelineAsync>g__Awaited|20_0(ResourceInvoker invoker, Task lastTask, State next, Scope scope, Object state, Boolean isCompleted)
   at Microsoft.AspNetCore.Mvc.Infrastructure.ResourceInvoker.<InvokeAsync>g__Logged|17_1(ResourceInvoker invoker)
   at Microsoft.AspNetCore.Mvc.Infrastructure.ResourceInvoker.<InvokeAsync>g__Logged|17_1(ResourceInvoker invoker)
   at Microsoft.AspNetCore.Routing.EndpointMiddleware.<Invoke>g__AwaitRequestTask|6_0(Endpoint endpoint, Task requestTask, ILogger logger)
   at Microsoft.AspNetCore.Authorization.AuthorizationMiddleware.Invoke(HttpContext context)
   at Swashbuckle.AspNetCore.SwaggerUI.SwaggerUIMiddleware.Invoke(HttpContext httpContext)
   at Swashbuckle.AspNetCore.Swagger.SwaggerMiddleware.Invoke(HttpContext httpContext, ISwaggerProvider swaggerProvider)
   at Microsoft.AspNetCore.Diagnostics.DeveloperExceptionPageMiddleware.Invoke(HttpContext context)
2025-03-04 14:32:13.6255 Info Request finished HTTP/2 POST https://localhost:7208/HelloGreeting application/json 37 - 500 - text/plain;+charset=utf-8 46.3860ms 
2025-03-04 14:34:36.9408 Info Starting application... 
2025-03-04 14:34:37.7816 Info Now listening on: https://localhost:7208 
2025-03-04 14:34:37.7816 Info Now listening on: http://localhost:5254 
2025-03-04 14:34:37.8271 Info Application started. Press Ctrl+C to shut down. 
2025-03-04 14:34:37.8275 Info Hosting environment: Development 
2025-03-04 14:34:37.8275 Info Content root path: C:\Users\Prashant\Desktop\GreetingApp\GreetingApp\HelloGreetingApplication\ 
2025-03-04 14:34:38.5246 Info Request starting HTTP/2 GET https://localhost:7208/swagger/index.html - - 
2025-03-04 14:34:38.8071 Info Request finished HTTP/2 GET https://localhost:7208/swagger/index.html - - - 200 - text/html;charset=utf-8 285.4585ms 
2025-03-04 14:34:38.8885 Info Request starting HTTP/2 GET https://localhost:7208/_framework/aspnetcore-browser-refresh.js - - 
2025-03-04 14:34:38.9196 Info Request starting HTTP/2 GET https://localhost:7208/swagger/index.js - - 
2025-03-04 14:34:38.9264 Info Request finished HTTP/2 GET https://localhost:7208/_framework/aspnetcore-browser-refresh.js - - - 200 12380 application/javascript;+charset=utf-8 37.8391ms 
2025-03-04 14:34:38.9264 Info Request starting HTTP/2 GET https://localhost:7208/_vs/browserLink - - 
2025-03-04 14:34:38.9264 Info Request finished HTTP/2 GET https://localhost:7208/swagger/index.js - - - 200 - application/javascript;charset=utf-8 8.6110ms 
2025-03-04 14:34:38.9996 Info Request finished HTTP/2 GET https://localhost:7208/_vs/browserLink - - - 200 - text/javascript;+charset=UTF-8 72.5924ms 
2025-03-04 14:34:39.0433 Info Request starting HTTP/2 GET https://localhost:7208/swagger/v1/swagger.json - - 
2025-03-04 14:34:39.0491 Info Request finished HTTP/2 GET https://localhost:7208/swagger/v1/swagger.json - - - 200 - application/json;charset=utf-8 5.7831ms 
2025-03-04 14:34:39.5692 Info Request starting HTTP/2 GET https://localhost:7208/swagger/index.html - - 
2025-03-04 14:34:39.5844 Info Request finished HTTP/2 GET https://localhost:7208/swagger/index.html - - - 200 - text/html;charset=utf-8 15.5170ms 
2025-03-04 14:34:39.6507 Info Request starting HTTP/2 GET https://localhost:7208/swagger/index.js - - 
2025-03-04 14:34:39.6507 Info Request finished HTTP/2 GET https://localhost:7208/swagger/index.js - - - 200 - application/javascript;charset=utf-8 0.4511ms 
2025-03-04 14:34:39.6646 Info Request starting HTTP/2 GET https://localhost:7208/_framework/aspnetcore-browser-refresh.js - - 
2025-03-04 14:34:39.6646 Info Request finished HTTP/2 GET https://localhost:7208/_framework/aspnetcore-browser-refresh.js - - - 200 12380 application/javascript;+charset=utf-8 0.5137ms 
2025-03-04 14:34:39.6646 Info Request starting HTTP/2 GET https://localhost:7208/_vs/browserLink - - 
2025-03-04 14:34:39.7027 Info Request finished HTTP/2 GET https://localhost:7208/_vs/browserLink - - - 200 - text/javascript;+charset=UTF-8 32.4376ms 
2025-03-04 14:34:39.8247 Info Request starting HTTP/2 GET https://localhost:7208/swagger/v1/swagger.json - - 
2025-03-04 14:34:39.8247 Info Request finished HTTP/2 GET https://localhost:7208/swagger/v1/swagger.json - - - 200 - application/json;charset=utf-8 1.4556ms 
2025-03-04 14:37:18.5787 Info Request starting HTTP/2 GET https://localhost:7208/swagger/index.html - - 
2025-03-04 14:37:18.6386 Info Request finished HTTP/2 GET https://localhost:7208/swagger/index.html - - - 200 - text/html;charset=utf-8 59.8692ms 
2025-03-04 14:37:18.6906 Info Request starting HTTP/2 GET https://localhost:7208/_framework/aspnetcore-browser-refresh.js - - 
2025-03-04 14:37:18.6906 Info Request finished HTTP/2 GET https://localhost:7208/_framework/aspnetcore-browser-refresh.js - - - 200 12380 application/javascript;+charset=utf-8 2.3640ms 
2025-03-04 14:37:18.6906 Info Request starting HTTP/2 GET https://localhost:7208/swagger/index.js - - 
2025-03-04 14:37:18.6906 Info Request starting HTTP/2 GET https://localhost:7208/_vs/browserLink - - 
2025-03-04 14:37:18.9701 Info Request finished HTTP/2 GET https://localhost:7208/swagger/index.js - - - 200 - application/javascript;charset=utf-8 276.5788ms 
2025-03-04 14:37:18.9701 Info Request finished HTTP/2 GET https://localhost:7208/_vs/browserLink - - - 200 - text/javascript;+charset=UTF-8 282.4734ms 
2025-03-04 14:37:19.0231 Info Request starting HTTP/2 GET https://localhost:7208/swagger/v1/swagger.json - - 
2025-03-04 14:37:19.0231 Info Request finished HTTP/2 GET https://localhost:7208/swagger/v1/swagger.json - - - 200 - application/json;charset=utf-8 2.6516ms 
2025-03-04 14:38:26.8292 Info Request starting HTTP/2 GET https://localhost:7208/HelloGreeting - - 
2025-03-04 14:38:26.8292 Info Executing endpoint 'HelloGreetingApplication.Controllers.HelloGreetingController.Get (HelloGreetingApplication)' 
2025-03-04 14:38:26.8807 Info Route matched with {action = "Get", controller = "HelloGreeting"}. Executing controller action with signature Microsoft.AspNetCore.Mvc.IActionResult Get() on controller HelloGreetingApplication.Controllers.HelloGreetingController (HelloGreetingApplication). 
2025-03-04 14:38:26.8942 Info Executed action HelloGreetingApplication.Controllers.HelloGreetingController.Get (HelloGreetingApplication) in 4.3617ms 
2025-03-04 14:38:26.8942 Info Executed endpoint 'HelloGreetingApplication.Controllers.HelloGreetingController.Get (HelloGreetingApplication)' 
2025-03-04 14:38:26.8942 Error An unhandled exception has occurred while executing the request. System.InvalidOperationException: Unable to resolve service for type 'BusinessLayer.Interface.IGreetingBL' while attempting to activate 'HelloGreetingApplication.Controllers.HelloGreetingController'.
   at Microsoft.Extensions.DependencyInjection.ActivatorUtilities.GetService(IServiceProvider sp, Type type, Type requiredBy, Boolean isDefaultParameterRequired)
   at lambda_method3(Closure , IServiceProvider , Object[] )
   at Microsoft.AspNetCore.Mvc.Controllers.ControllerActivatorProvider.<>c__DisplayClass7_0.<CreateActivator>b__0(ControllerContext controllerContext)
   at Microsoft.AspNetCore.Mvc.Controllers.ControllerFactoryProvider.<>c__DisplayClass6_0.<CreateControllerFactory>g__CreateController|0(ControllerContext controllerContext)
   at Microsoft.AspNetCore.Mvc.Infrastructure.ControllerActionInvoker.Next(State& next, Scope& scope, Object& state, Boolean& isCompleted)
   at Microsoft.AspNetCore.Mvc.Infrastructure.ControllerActionInvoker.InvokeInnerFilterAsync()
--- End of stack trace from previous location ---
   at Microsoft.AspNetCore.Mvc.Infrastructure.ResourceInvoker.<InvokeFilterPipelineAsync>g__Awaited|20_0(ResourceInvoker invoker, Task lastTask, State next, Scope scope, Object state, Boolean isCompleted)
   at Microsoft.AspNetCore.Mvc.Infrastructure.ResourceInvoker.<InvokeAsync>g__Logged|17_1(ResourceInvoker invoker)
   at Microsoft.AspNetCore.Mvc.Infrastructure.ResourceInvoker.<InvokeAsync>g__Logged|17_1(ResourceInvoker invoker)
   at Microsoft.AspNetCore.Routing.EndpointMiddleware.<Invoke>g__AwaitRequestTask|6_0(Endpoint endpoint, Task requestTask, ILogger logger)
   at Microsoft.AspNetCore.Authorization.AuthorizationMiddleware.Invoke(HttpContext context)
   at Swashbuckle.AspNetCore.SwaggerUI.SwaggerUIMiddleware.Invoke(HttpContext httpContext)
   at Swashbuckle.AspNetCore.Swagger.SwaggerMiddleware.Invoke(HttpContext httpContext, ISwaggerProvider swaggerProvider)
   at Microsoft.AspNetCore.Diagnostics.DeveloperExceptionPageMiddleware.Invoke(HttpContext context)
2025-03-04 14:38:26.9694 Info Request finished HTTP/2 GET https://localhost:7208/HelloGreeting - - - 500 - text/plain;+charset=utf-8 140.1363ms 
2025-03-04 14:39:05.5824 Info Request starting HTTP/2 POST https://localhost:7208/HelloGreeting application/json 35 
2025-03-04 14:39:05.5824 Info Executing endpoint 'HelloGreetingApplication.Controllers.HelloGreetingController.Post (HelloGreetingApplication)' 
2025-03-04 14:39:05.6110 Info Route matched with {action = "Post", controller = "HelloGreeting"}. Executing controller action with signature Microsoft.AspNetCore.Mvc.IActionResult Post(ModelLayer.Model.RequestModel) on controller HelloGreetingApplication.Controllers.HelloGreetingController (HelloGreetingApplication). 
2025-03-04 14:39:05.6110 Info Executed action HelloGreetingApplication.Controllers.HelloGreetingController.Post (HelloGreetingApplication) in 1.3426ms 
2025-03-04 14:39:05.6110 Info Executed endpoint 'HelloGreetingApplication.Controllers.HelloGreetingController.Post (HelloGreetingApplication)' 
2025-03-04 14:39:05.6110 Error An unhandled exception has occurred while executing the request. System.InvalidOperationException: Unable to resolve service for type 'BusinessLayer.Interface.IGreetingBL' while attempting to activate 'HelloGreetingApplication.Controllers.HelloGreetingController'.
   at Microsoft.Extensions.DependencyInjection.ActivatorUtilities.GetService(IServiceProvider sp, Type type, Type requiredBy, Boolean isDefaultParameterRequired)
   at lambda_method5(Closure , IServiceProvider , Object[] )
   at Microsoft.AspNetCore.Mvc.Controllers.ControllerActivatorProvider.<>c__DisplayClass7_0.<CreateActivator>b__0(ControllerContext controllerContext)
   at Microsoft.AspNetCore.Mvc.Controllers.ControllerFactoryProvider.<>c__DisplayClass6_0.<CreateControllerFactory>g__CreateController|0(ControllerContext controllerContext)
   at Microsoft.AspNetCore.Mvc.Infrastructure.ControllerActionInvoker.Next(State& next, Scope& scope, Object& state, Boolean& isCompleted)
   at Microsoft.AspNetCore.Mvc.Infrastructure.ControllerActionInvoker.InvokeInnerFilterAsync()
--- End of stack trace from previous location ---
   at Microsoft.AspNetCore.Mvc.Infrastructure.ResourceInvoker.<InvokeFilterPipelineAsync>g__Awaited|20_0(ResourceInvoker invoker, Task lastTask, State next, Scope scope, Object state, Boolean isCompleted)
   at Microsoft.AspNetCore.Mvc.Infrastructure.ResourceInvoker.<InvokeAsync>g__Logged|17_1(ResourceInvoker invoker)
   at Microsoft.AspNetCore.Mvc.Infrastructure.ResourceInvoker.<InvokeAsync>g__Logged|17_1(ResourceInvoker invoker)
   at Microsoft.AspNetCore.Routing.EndpointMiddleware.<Invoke>g__AwaitRequestTask|6_0(Endpoint endpoint, Task requestTask, ILogger logger)
   at Microsoft.AspNetCore.Authorization.AuthorizationMiddleware.Invoke(HttpContext context)
   at Swashbuckle.AspNetCore.SwaggerUI.SwaggerUIMiddleware.Invoke(HttpContext httpContext)
   at Swashbuckle.AspNetCore.Swagger.SwaggerMiddleware.Invoke(HttpContext httpContext, ISwaggerProvider swaggerProvider)
   at Microsoft.AspNetCore.Diagnostics.DeveloperExceptionPageMiddleware.Invoke(HttpContext context)
2025-03-04 14:39:05.6110 Info Request finished HTTP/2 POST https://localhost:7208/HelloGreeting application/json 35 - 500 - text/plain;+charset=utf-8 33.4257ms 
2025-03-04 14:39:23.1181 Info Request starting HTTP/2 GET https://localhost:7208/HelloGreeting - - 
2025-03-04 14:39:23.1181 Info Executing endpoint 'HelloGreetingApplication.Controllers.HelloGreetingController.Get (HelloGreetingApplication)' 
2025-03-04 14:39:23.1181 Info Route matched with {action = "Get", controller = "HelloGreeting"}. Executing controller action with signature Microsoft.AspNetCore.Mvc.IActionResult Get() on controller HelloGreetingApplication.Controllers.HelloGreetingController (HelloGreetingApplication). 
2025-03-04 14:39:23.1744 Info Executed action HelloGreetingApplication.Controllers.HelloGreetingController.Get (HelloGreetingApplication) in 52.78ms 
2025-03-04 14:39:23.1744 Info Executed endpoint 'HelloGreetingApplication.Controllers.HelloGreetingController.Get (HelloGreetingApplication)' 
2025-03-04 14:39:23.1744 Error An unhandled exception has occurred while executing the request. System.InvalidOperationException: Unable to resolve service for type 'BusinessLayer.Interface.IGreetingBL' while attempting to activate 'HelloGreetingApplication.Controllers.HelloGreetingController'.
   at Microsoft.Extensions.DependencyInjection.ActivatorUtilities.GetService(IServiceProvider sp, Type type, Type requiredBy, Boolean isDefaultParameterRequired)
   at lambda_method3(Closure , IServiceProvider , Object[] )
   at Microsoft.AspNetCore.Mvc.Controllers.ControllerActivatorProvider.<>c__DisplayClass7_0.<CreateActivator>b__0(ControllerContext controllerContext)
   at Microsoft.AspNetCore.Mvc.Controllers.ControllerFactoryProvider.<>c__DisplayClass6_0.<CreateControllerFactory>g__CreateController|0(ControllerContext controllerContext)
   at Microsoft.AspNetCore.Mvc.Infrastructure.ControllerActionInvoker.Next(State& next, Scope& scope, Object& state, Boolean& isCompleted)
   at Microsoft.AspNetCore.Mvc.Infrastructure.ControllerActionInvoker.InvokeInnerFilterAsync()
--- End of stack trace from previous location ---
   at Microsoft.AspNetCore.Mvc.Infrastructure.ResourceInvoker.<InvokeFilterPipelineAsync>g__Awaited|20_0(ResourceInvoker invoker, Task lastTask, State next, Scope scope, Object state, Boolean isCompleted)
   at Microsoft.AspNetCore.Mvc.Infrastructure.ResourceInvoker.<InvokeAsync>g__Logged|17_1(ResourceInvoker invoker)
   at Microsoft.AspNetCore.Mvc.Infrastructure.ResourceInvoker.<InvokeAsync>g__Logged|17_1(ResourceInvoker invoker)
   at Microsoft.AspNetCore.Routing.EndpointMiddleware.<Invoke>g__AwaitRequestTask|6_0(Endpoint endpoint, Task requestTask, ILogger logger)
   at Microsoft.AspNetCore.Authorization.AuthorizationMiddleware.Invoke(HttpContext context)
   at Swashbuckle.AspNetCore.SwaggerUI.SwaggerUIMiddleware.Invoke(HttpContext httpContext)
   at Swashbuckle.AspNetCore.Swagger.SwaggerMiddleware.Invoke(HttpContext httpContext, ISwaggerProvider swaggerProvider)
   at Microsoft.AspNetCore.Diagnostics.DeveloperExceptionPageMiddleware.Invoke(HttpContext context)
2025-03-04 14:39:23.1744 Info Request finished HTTP/2 GET https://localhost:7208/HelloGreeting - - - 500 - text/plain;+charset=utf-8 59.4597ms 
2025-03-04 14:40:10.6814 Info Starting application... 
2025-03-04 14:40:11.6210 Info Now listening on: https://localhost:7208 
2025-03-04 14:40:11.6292 Info Now listening on: http://localhost:5254 
2025-03-04 14:40:11.6711 Info Application started. Press Ctrl+C to shut down. 
2025-03-04 14:40:11.6715 Info Hosting environment: Development 
2025-03-04 14:40:11.6715 Info Content root path: C:\Users\Prashant\Desktop\GreetingApp\GreetingApp\HelloGreetingApplication\ 
2025-03-04 14:40:12.2068 Info Request starting HTTP/2 GET https://localhost:7208/swagger/index.html - - 
2025-03-04 14:40:12.5755 Info Request finished HTTP/2 GET https://localhost:7208/swagger/index.html - - - 200 - text/html;charset=utf-8 372.5886ms 
2025-03-04 14:40:12.5932 Info Request starting HTTP/2 GET https://localhost:7208/_framework/aspnetcore-browser-refresh.js - - 
2025-03-04 14:40:12.5932 Info Request starting HTTP/2 GET https://localhost:7208/swagger/index.js - - 
2025-03-04 14:40:12.5967 Info Request finished HTTP/2 GET https://localhost:7208/swagger/index.js - - - 200 - application/javascript;charset=utf-8 3.5166ms 
2025-03-04 14:40:12.5967 Info Request starting HTTP/2 GET https://localhost:7208/_vs/browserLink - - 
2025-03-04 14:40:12.6116 Info Request finished HTTP/2 GET https://localhost:7208/_framework/aspnetcore-browser-refresh.js - - - 200 12380 application/javascript;+charset=utf-8 18.4675ms 
2025-03-04 14:40:12.7105 Info Request finished HTTP/2 GET https://localhost:7208/_vs/browserLink - - - 200 - text/javascript;+charset=UTF-8 113.1182ms 
2025-03-04 14:40:12.7594 Info Request starting HTTP/2 GET https://localhost:7208/swagger/v1/swagger.json - - 
2025-03-04 14:40:12.7679 Info Request finished HTTP/2 GET https://localhost:7208/swagger/v1/swagger.json - - - 200 - application/json;charset=utf-8 8.5002ms 
2025-03-04 14:40:18.3344 Info Request starting HTTP/2 GET https://localhost:7208/HelloGreeting - - 
2025-03-04 14:40:18.3474 Info Executing endpoint 'HelloGreetingApplication.Controllers.HelloGreetingController.Get (HelloGreetingApplication)' 
2025-03-04 14:40:18.4059 Info Route matched with {action = "Get", controller = "HelloGreeting"}. Executing controller action with signature Microsoft.AspNetCore.Mvc.IActionResult Get() on controller HelloGreetingApplication.Controllers.HelloGreetingController (HelloGreetingApplication). 
2025-03-04 14:40:18.4869 Info GET request received 
2025-03-04 14:40:18.5010 Info Executing OkObjectResult, writing value of type 'ModelLayer.Model.ResponseModel`1[[System.String, System.Private.CoreLib, Version=6.0.0.0, Culture=neutral, PublicKeyToken=7cec85d7bea7798e]]'. 
2025-03-04 14:40:18.5190 Info Executed action HelloGreetingApplication.Controllers.HelloGreetingController.Get (HelloGreetingApplication) in 99.3701ms 
2025-03-04 14:40:18.5190 Info Executed endpoint 'HelloGreetingApplication.Controllers.HelloGreetingController.Get (HelloGreetingApplication)' 
2025-03-04 14:40:18.5190 Info Request finished HTTP/2 GET https://localhost:7208/HelloGreeting - - - 200 - application/json;+charset=utf-8 184.9998ms 
2025-03-04 14:40:38.4054 Info Request starting HTTP/2 POST https://localhost:7208/HelloGreeting application/json 35 
2025-03-04 14:40:38.4100 Info Executing endpoint 'HelloGreetingApplication.Controllers.HelloGreetingController.Post (HelloGreetingApplication)' 
2025-03-04 14:40:38.4619 Info Route matched with {action = "Post", controller = "HelloGreeting"}. Executing controller action with signature Microsoft.AspNetCore.Mvc.IActionResult Post(ModelLayer.Model.RequestModel) on controller HelloGreetingApplication.Controllers.HelloGreetingController (HelloGreetingApplication). 
2025-03-04 14:40:38.6077 Info Post request received and procesed. 
2025-03-04 14:40:38.6077 Info Executing OkObjectResult, writing value of type 'ModelLayer.Model.ResponseModel`1[[System.String, System.Private.CoreLib, Version=6.0.0.0, Culture=neutral, PublicKeyToken=7cec85d7bea7798e]]'. 
2025-03-04 14:40:38.6077 Info Executed action HelloGreetingApplication.Controllers.HelloGreetingController.Post (HelloGreetingApplication) in 146.3264ms 
2025-03-04 14:40:38.6077 Info Executed endpoint 'HelloGreetingApplication.Controllers.HelloGreetingController.Post (HelloGreetingApplication)' 
2025-03-04 14:40:38.6077 Info Request finished HTTP/2 POST https://localhost:7208/HelloGreeting application/json 35 - 200 - application/json;+charset=utf-8 203.0666ms 
2025-03-04 14:40:57.3090 Info Request starting HTTP/2 PUT https://localhost:7208/HelloGreeting application/json 35 
2025-03-04 14:40:57.3249 Info Executing endpoint 'HelloGreetingApplication.Controllers.HelloGreetingController.Put (HelloGreetingApplication)' 
2025-03-04 14:40:57.3308 Info Route matched with {action = "Put", controller = "HelloGreeting"}. Executing controller action with signature Microsoft.AspNetCore.Mvc.IActionResult Put(ModelLayer.Model.RequestModel) on controller HelloGreetingApplication.Controllers.HelloGreetingController (HelloGreetingApplication). 
2025-03-04 14:40:57.3308 Info Put request received and processed. 
2025-03-04 14:40:57.3308 Info Executing OkObjectResult, writing value of type 'ModelLayer.Model.ResponseModel`1[[System.String, System.Private.CoreLib, Version=6.0.0.0, Culture=neutral, PublicKeyToken=7cec85d7bea7798e]]'. 
2025-03-04 14:40:57.3308 Info Executed action HelloGreetingApplication.Controllers.HelloGreetingController.Put (HelloGreetingApplication) in 2.3993ms 
2025-03-04 14:40:57.3308 Info Executed endpoint 'HelloGreetingApplication.Controllers.HelloGreetingController.Put (HelloGreetingApplication)' 
2025-03-04 14:40:57.3308 Info Request finished HTTP/2 PUT https://localhost:7208/HelloGreeting application/json 35 - 200 - application/json;+charset=utf-8 24.4808ms 
2025-03-04 14:51:01.1293 Info Starting application... 
2025-03-04 14:51:02.1532 Info Now listening on: https://localhost:7208 
2025-03-04 14:51:02.1630 Info Now listening on: http://localhost:5254 
2025-03-04 14:51:02.2448 Info Application started. Press Ctrl+C to shut down. 
2025-03-04 14:51:02.2448 Info Hosting environment: Development 
2025-03-04 14:51:02.2448 Info Content root path: C:\Users\Prashant\Desktop\GreetingApp\GreetingApp\HelloGreetingApplication\ 
2025-03-04 14:51:02.5403 Info Request starting HTTP/2 GET https://localhost:7208/swagger/index.html - - 
2025-03-04 14:51:02.8072 Info Request finished HTTP/2 GET https://localhost:7208/swagger/index.html - - - 200 - text/html;charset=utf-8 269.0516ms 
2025-03-04 14:51:02.8210 Info Request starting HTTP/2 GET https://localhost:7208/_framework/aspnetcore-browser-refresh.js - - 
2025-03-04 14:51:02.8210 Info Request starting HTTP/2 GET https://localhost:7208/swagger/index.js - - 
2025-03-04 14:51:02.8210 Info Request starting HTTP/2 GET https://localhost:7208/_vs/browserLink - - 
2025-03-04 14:51:02.8291 Info Request finished HTTP/2 GET https://localhost:7208/swagger/index.js - - - 200 - application/javascript;charset=utf-8 3.1916ms 
2025-03-04 14:51:02.8291 Info Request finished HTTP/2 GET https://localhost:7208/_framework/aspnetcore-browser-refresh.js - - - 200 12380 application/javascript;+charset=utf-8 8.0881ms 
2025-03-04 14:51:02.8861 Info Request finished HTTP/2 GET https://localhost:7208/_vs/browserLink - - - 200 - text/javascript;+charset=UTF-8 59.0037ms 
2025-03-04 14:51:03.1717 Info Request starting HTTP/2 GET https://localhost:7208/swagger/v1/swagger.json - - 
2025-03-04 14:51:03.1717 Info Request finished HTTP/2 GET https://localhost:7208/swagger/v1/swagger.json - - - 200 - application/json;charset=utf-8 9.4882ms 
2025-03-04 14:52:09.6915 Info Request starting HTTP/2 GET https://localhost:7208/HelloGreeting - - 
2025-03-04 14:52:09.7109 Info Executing endpoint 'HelloGreetingApplication.Controllers.HelloGreetingController.Get (HelloGreetingApplication)' 
2025-03-04 14:52:09.8048 Info Route matched with {action = "Get", controller = "HelloGreeting"}. Executing controller action with signature Microsoft.AspNetCore.Mvc.IActionResult Get() on controller HelloGreetingApplication.Controllers.HelloGreetingController (HelloGreetingApplication). 
2025-03-04 14:52:09.8179 Info Executed action HelloGreetingApplication.Controllers.HelloGreetingController.Get (HelloGreetingApplication) in 4.2676ms 
2025-03-04 14:52:09.8179 Info Executed endpoint 'HelloGreetingApplication.Controllers.HelloGreetingController.Get (HelloGreetingApplication)' 
2025-03-04 14:52:09.8179 Error An unhandled exception has occurred while executing the request. System.InvalidOperationException: Unable to resolve service for type 'BusinessLayer.Interface.IGreetingBL' while attempting to activate 'HelloGreetingApplication.Controllers.HelloGreetingController'.
   at Microsoft.Extensions.DependencyInjection.ActivatorUtilities.GetService(IServiceProvider sp, Type type, Type requiredBy, Boolean isDefaultParameterRequired)
   at lambda_method3(Closure , IServiceProvider , Object[] )
   at Microsoft.AspNetCore.Mvc.Controllers.ControllerActivatorProvider.<>c__DisplayClass7_0.<CreateActivator>b__0(ControllerContext controllerContext)
   at Microsoft.AspNetCore.Mvc.Controllers.ControllerFactoryProvider.<>c__DisplayClass6_0.<CreateControllerFactory>g__CreateController|0(ControllerContext controllerContext)
   at Microsoft.AspNetCore.Mvc.Infrastructure.ControllerActionInvoker.Next(State& next, Scope& scope, Object& state, Boolean& isCompleted)
   at Microsoft.AspNetCore.Mvc.Infrastructure.ControllerActionInvoker.InvokeInnerFilterAsync()
--- End of stack trace from previous location ---
   at Microsoft.AspNetCore.Mvc.Infrastructure.ResourceInvoker.<InvokeFilterPipelineAsync>g__Awaited|20_0(ResourceInvoker invoker, Task lastTask, State next, Scope scope, Object state, Boolean isCompleted)
   at Microsoft.AspNetCore.Mvc.Infrastructure.ResourceInvoker.<InvokeAsync>g__Logged|17_1(ResourceInvoker invoker)
   at Microsoft.AspNetCore.Mvc.Infrastructure.ResourceInvoker.<InvokeAsync>g__Logged|17_1(ResourceInvoker invoker)
   at Microsoft.AspNetCore.Routing.EndpointMiddleware.<Invoke>g__AwaitRequestTask|6_0(Endpoint endpoint, Task requestTask, ILogger logger)
   at Microsoft.AspNetCore.Authorization.AuthorizationMiddleware.Invoke(HttpContext context)
   at Swashbuckle.AspNetCore.SwaggerUI.SwaggerUIMiddleware.Invoke(HttpContext httpContext)
   at Swashbuckle.AspNetCore.Swagger.SwaggerMiddleware.Invoke(HttpContext httpContext, ISwaggerProvider swaggerProvider)
   at Microsoft.AspNetCore.Diagnostics.DeveloperExceptionPageMiddleware.Invoke(HttpContext context)
2025-03-04 14:52:09.9030 Info Request finished HTTP/2 GET https://localhost:7208/HelloGreeting - - - 500 - text/plain;+charset=utf-8 211.6560ms 
2025-03-04 14:52:48.8579 Info Request starting HTTP/2 GET https://localhost:7208/swagger/index.html - - 
2025-03-04 14:52:48.9588 Info Request finished HTTP/2 GET https://localhost:7208/swagger/index.html - - - 200 - text/html;charset=utf-8 100.7514ms 
2025-03-04 14:52:49.0081 Info Request starting HTTP/2 GET https://localhost:7208/_framework/aspnetcore-browser-refresh.js - - 
2025-03-04 14:52:49.0081 Info Request finished HTTP/2 GET https://localhost:7208/_framework/aspnetcore-browser-refresh.js - - - 200 12380 application/javascript;+charset=utf-8 7.7380ms 
2025-03-04 14:52:49.0081 Info Request starting HTTP/2 GET https://localhost:7208/_vs/browserLink - - 
2025-03-04 14:52:49.0081 Info Request starting HTTP/2 GET https://localhost:7208/swagger/index.js - - 
2025-03-04 14:52:49.0081 Info Request finished HTTP/2 GET https://localhost:7208/swagger/index.js - - - 200 - application/javascript;charset=utf-8 0.4218ms 
2025-03-04 14:52:49.2868 Info Request finished HTTP/2 GET https://localhost:7208/_vs/browserLink - - - 200 - text/javascript;+charset=UTF-8 277.7993ms 
2025-03-04 14:52:49.3354 Info Request starting HTTP/2 GET https://localhost:7208/swagger/v1/swagger.json - - 
2025-03-04 14:52:49.3354 Info Request finished HTTP/2 GET https://localhost:7208/swagger/v1/swagger.json - - - 200 - application/json;charset=utf-8 3.7712ms 
2025-03-04 14:53:09.6315 Info Request starting HTTP/2 GET https://localhost:7208/HelloGreeting - - 
2025-03-04 14:53:09.6405 Info Executing endpoint 'HelloGreetingApplication.Controllers.HelloGreetingController.Get (HelloGreetingApplication)' 
2025-03-04 14:53:09.6405 Info Route matched with {action = "Get", controller = "HelloGreeting"}. Executing controller action with signature Microsoft.AspNetCore.Mvc.IActionResult Get() on controller HelloGreetingApplication.Controllers.HelloGreetingController (HelloGreetingApplication). 
2025-03-04 14:53:09.6405 Info Executed action HelloGreetingApplication.Controllers.HelloGreetingController.Get (HelloGreetingApplication) in 2.9044ms 
2025-03-04 14:53:09.6405 Info Executed endpoint 'HelloGreetingApplication.Controllers.HelloGreetingController.Get (HelloGreetingApplication)' 
2025-03-04 14:53:09.6405 Error An unhandled exception has occurred while executing the request. System.InvalidOperationException: Unable to resolve service for type 'BusinessLayer.Interface.IGreetingBL' while attempting to activate 'HelloGreetingApplication.Controllers.HelloGreetingController'.
   at Microsoft.Extensions.DependencyInjection.ActivatorUtilities.GetService(IServiceProvider sp, Type type, Type requiredBy, Boolean isDefaultParameterRequired)
   at lambda_method3(Closure , IServiceProvider , Object[] )
   at Microsoft.AspNetCore.Mvc.Controllers.ControllerActivatorProvider.<>c__DisplayClass7_0.<CreateActivator>b__0(ControllerContext controllerContext)
   at Microsoft.AspNetCore.Mvc.Controllers.ControllerFactoryProvider.<>c__DisplayClass6_0.<CreateControllerFactory>g__CreateController|0(ControllerContext controllerContext)
   at Microsoft.AspNetCore.Mvc.Infrastructure.ControllerActionInvoker.Next(State& next, Scope& scope, Object& state, Boolean& isCompleted)
   at Microsoft.AspNetCore.Mvc.Infrastructure.ControllerActionInvoker.InvokeInnerFilterAsync()
--- End of stack trace from previous location ---
   at Microsoft.AspNetCore.Mvc.Infrastructure.ResourceInvoker.<InvokeFilterPipelineAsync>g__Awaited|20_0(ResourceInvoker invoker, Task lastTask, State next, Scope scope, Object state, Boolean isCompleted)
   at Microsoft.AspNetCore.Mvc.Infrastructure.ResourceInvoker.<InvokeAsync>g__Logged|17_1(ResourceInvoker invoker)
   at Microsoft.AspNetCore.Mvc.Infrastructure.ResourceInvoker.<InvokeAsync>g__Logged|17_1(ResourceInvoker invoker)
   at Microsoft.AspNetCore.Routing.EndpointMiddleware.<Invoke>g__AwaitRequestTask|6_0(Endpoint endpoint, Task requestTask, ILogger logger)
   at Microsoft.AspNetCore.Authorization.AuthorizationMiddleware.Invoke(HttpContext context)
   at Swashbuckle.AspNetCore.SwaggerUI.SwaggerUIMiddleware.Invoke(HttpContext httpContext)
   at Swashbuckle.AspNetCore.Swagger.SwaggerMiddleware.Invoke(HttpContext httpContext, ISwaggerProvider swaggerProvider)
   at Microsoft.AspNetCore.Diagnostics.DeveloperExceptionPageMiddleware.Invoke(HttpContext context)
2025-03-04 14:53:09.6405 Info Request finished HTTP/2 GET https://localhost:7208/HelloGreeting - - - 500 - text/plain;+charset=utf-8 24.8560ms 
2025-03-04 14:53:31.6012 Info Request starting HTTP/2 POST https://localhost:7208/HelloGreeting application/json 39 
2025-03-04 14:53:31.6012 Info Executing endpoint 'HelloGreetingApplication.Controllers.HelloGreetingController.Post (HelloGreetingApplication)' 
2025-03-04 14:53:31.6351 Info Route matched with {action = "Post", controller = "HelloGreeting"}. Executing controller action with signature Microsoft.AspNetCore.Mvc.IActionResult Post(ModelLayer.Model.RequestModel) on controller HelloGreetingApplication.Controllers.HelloGreetingController (HelloGreetingApplication). 
2025-03-04 14:53:31.6351 Info Executed action HelloGreetingApplication.Controllers.HelloGreetingController.Post (HelloGreetingApplication) in 1.1435ms 
2025-03-04 14:53:31.6351 Info Executed endpoint 'HelloGreetingApplication.Controllers.HelloGreetingController.Post (HelloGreetingApplication)' 
2025-03-04 14:53:31.6351 Error An unhandled exception has occurred while executing the request. System.InvalidOperationException: Unable to resolve service for type 'BusinessLayer.Interface.IGreetingBL' while attempting to activate 'HelloGreetingApplication.Controllers.HelloGreetingController'.
   at Microsoft.Extensions.DependencyInjection.ActivatorUtilities.GetService(IServiceProvider sp, Type type, Type requiredBy, Boolean isDefaultParameterRequired)
   at lambda_method5(Closure , IServiceProvider , Object[] )
   at Microsoft.AspNetCore.Mvc.Controllers.ControllerActivatorProvider.<>c__DisplayClass7_0.<CreateActivator>b__0(ControllerContext controllerContext)
   at Microsoft.AspNetCore.Mvc.Controllers.ControllerFactoryProvider.<>c__DisplayClass6_0.<CreateControllerFactory>g__CreateController|0(ControllerContext controllerContext)
   at Microsoft.AspNetCore.Mvc.Infrastructure.ControllerActionInvoker.Next(State& next, Scope& scope, Object& state, Boolean& isCompleted)
   at Microsoft.AspNetCore.Mvc.Infrastructure.ControllerActionInvoker.InvokeInnerFilterAsync()
--- End of stack trace from previous location ---
   at Microsoft.AspNetCore.Mvc.Infrastructure.ResourceInvoker.<InvokeFilterPipelineAsync>g__Awaited|20_0(ResourceInvoker invoker, Task lastTask, State next, Scope scope, Object state, Boolean isCompleted)
   at Microsoft.AspNetCore.Mvc.Infrastructure.ResourceInvoker.<InvokeAsync>g__Logged|17_1(ResourceInvoker invoker)
   at Microsoft.AspNetCore.Mvc.Infrastructure.ResourceInvoker.<InvokeAsync>g__Logged|17_1(ResourceInvoker invoker)
   at Microsoft.AspNetCore.Routing.EndpointMiddleware.<Invoke>g__AwaitRequestTask|6_0(Endpoint endpoint, Task requestTask, ILogger logger)
   at Microsoft.AspNetCore.Authorization.AuthorizationMiddleware.Invoke(HttpContext context)
   at Swashbuckle.AspNetCore.SwaggerUI.SwaggerUIMiddleware.Invoke(HttpContext httpContext)
   at Swashbuckle.AspNetCore.Swagger.SwaggerMiddleware.Invoke(HttpContext httpContext, ISwaggerProvider swaggerProvider)
   at Microsoft.AspNetCore.Diagnostics.DeveloperExceptionPageMiddleware.Invoke(HttpContext context)
2025-03-04 14:53:31.6351 Info Request finished HTTP/2 POST https://localhost:7208/HelloGreeting application/json 39 - 500 - text/plain;+charset=utf-8 38.4724ms 
2025-03-04 14:54:43.5613 Info Starting application... 
2025-03-04 14:54:44.4053 Info Now listening on: https://localhost:7208 
2025-03-04 14:54:44.4121 Info Now listening on: http://localhost:5254 
2025-03-04 14:54:44.4508 Info Application started. Press Ctrl+C to shut down. 
2025-03-04 14:54:44.4508 Info Hosting environment: Development 
2025-03-04 14:54:44.4508 Info Content root path: C:\Users\Prashant\Desktop\GreetingApp\GreetingApp\HelloGreetingApplication\ 
2025-03-04 14:54:45.0281 Info Request starting HTTP/2 GET https://localhost:7208/swagger/index.html - - 
2025-03-04 14:54:45.3100 Info Request finished HTTP/2 GET https://localhost:7208/swagger/index.html - - - 200 - text/html;charset=utf-8 284.9410ms 
2025-03-04 14:54:45.3130 Info Request starting HTTP/2 GET https://localhost:7208/_framework/aspnetcore-browser-refresh.js - - 
2025-03-04 14:54:45.3130 Info Request starting HTTP/2 GET https://localhost:7208/_vs/browserLink - - 
2025-03-04 14:54:45.3130 Info Request starting HTTP/2 GET https://localhost:7208/swagger/index.js - - 
2025-03-04 14:54:45.3130 Info Request finished HTTP/2 GET https://localhost:7208/swagger/index.js - - - 200 - application/javascript;charset=utf-8 7.5068ms 
2025-03-04 14:54:45.3130 Info Request finished HTTP/2 GET https://localhost:7208/_framework/aspnetcore-browser-refresh.js - - - 200 12380 application/javascript;+charset=utf-8 15.0266ms 
2025-03-04 14:54:45.4246 Info Request finished HTTP/2 GET https://localhost:7208/_vs/browserLink - - - 200 - text/javascript;+charset=UTF-8 111.1624ms 
2025-03-04 14:54:45.4755 Info Request starting HTTP/2 GET https://localhost:7208/swagger/v1/swagger.json - - 
2025-03-04 14:54:45.4849 Info Request finished HTTP/2 GET https://localhost:7208/swagger/v1/swagger.json - - - 200 - application/json;charset=utf-8 9.5923ms 
2025-03-04 14:55:28.1579 Info Request starting HTTP/2 POST https://localhost:7208/HelloGreeting application/json 42 
2025-03-04 14:55:28.1821 Info Executing endpoint 'HelloGreetingApplication.Controllers.HelloGreetingController.Post (HelloGreetingApplication)' 
2025-03-04 14:55:28.2209 Info Route matched with {action = "Post", controller = "HelloGreeting"}. Executing controller action with signature Microsoft.AspNetCore.Mvc.IActionResult Post(ModelLayer.Model.RequestModel) on controller HelloGreetingApplication.Controllers.HelloGreetingController (HelloGreetingApplication). 
2025-03-04 14:55:28.2921 Info POST request received and processed. 
2025-03-04 14:55:28.3047 Info Executing OkObjectResult, writing value of type 'ModelLayer.Model.ResponseModel`1[[System.String, System.Private.CoreLib, Version=6.0.0.0, Culture=neutral, PublicKeyToken=7cec85d7bea7798e]]'. 
2025-03-04 14:55:28.3246 Info Executed action HelloGreetingApplication.Controllers.HelloGreetingController.Post (HelloGreetingApplication) in 90.672ms 
2025-03-04 14:55:28.3246 Info Executed endpoint 'HelloGreetingApplication.Controllers.HelloGreetingController.Post (HelloGreetingApplication)' 
2025-03-04 14:55:28.3246 Info Request finished HTTP/2 POST https://localhost:7208/HelloGreeting application/json 42 - 200 - application/json;+charset=utf-8 167.2018ms 
2025-03-04 14:55:48.5484 Info Request starting HTTP/2 PUT https://localhost:7208/HelloGreeting application/json 42 
2025-03-04 14:55:48.5484 Info Executing endpoint 'HelloGreetingApplication.Controllers.HelloGreetingController.Put (HelloGreetingApplication)' 
2025-03-04 14:55:48.5484 Info Route matched with {action = "Put", controller = "HelloGreeting"}. Executing controller action with signature Microsoft.AspNetCore.Mvc.IActionResult Put(ModelLayer.Model.RequestModel) on controller HelloGreetingApplication.Controllers.HelloGreetingController (HelloGreetingApplication). 
2025-03-04 14:55:48.5484 Info PUT request received and processed. 
2025-03-04 14:55:48.5484 Info Executing OkObjectResult, writing value of type 'ModelLayer.Model.ResponseModel`1[[System.String, System.Private.CoreLib, Version=6.0.0.0, Culture=neutral, PublicKeyToken=7cec85d7bea7798e]]'. 
2025-03-04 14:55:48.5484 Info Executed action HelloGreetingApplication.Controllers.HelloGreetingController.Put (HelloGreetingApplication) in 2.1547ms 
2025-03-04 14:55:48.5484 Info Executed endpoint 'HelloGreetingApplication.Controllers.HelloGreetingController.Put (HelloGreetingApplication)' 
2025-03-04 14:55:48.5484 Info Request finished HTTP/2 PUT https://localhost:7208/HelloGreeting application/json 42 - 200 - application/json;+charset=utf-8 6.0682ms 
2025-03-04 14:56:01.9302 Info Request starting HTTP/2 PATCH https://localhost:7208/HelloGreeting application/json 42 
2025-03-04 14:56:01.9392 Info Executing endpoint 'HelloGreetingApplication.Controllers.HelloGreetingController.Patch (HelloGreetingApplication)' 
2025-03-04 14:56:01.9392 Info Route matched with {action = "Patch", controller = "HelloGreeting"}. Executing controller action with signature Microsoft.AspNetCore.Mvc.IActionResult Patch(ModelLayer.Model.RequestModel) on controller HelloGreetingApplication.Controllers.HelloGreetingController (HelloGreetingApplication). 
2025-03-04 14:56:01.9392 Info PATCH request received and processed. 
2025-03-04 14:56:01.9392 Info Executing OkObjectResult, writing value of type 'ModelLayer.Model.ResponseModel`1[[System.String, System.Private.CoreLib, Version=6.0.0.0, Culture=neutral, PublicKeyToken=7cec85d7bea7798e]]'. 
2025-03-04 14:56:01.9392 Info Executed action HelloGreetingApplication.Controllers.HelloGreetingController.Patch (HelloGreetingApplication) in 1.2842ms 
2025-03-04 14:56:01.9392 Info Executed endpoint 'HelloGreetingApplication.Controllers.HelloGreetingController.Patch (HelloGreetingApplication)' 
2025-03-04 14:56:01.9392 Info Request finished HTTP/2 PATCH https://localhost:7208/HelloGreeting application/json 42 - 200 - application/json;+charset=utf-8 16.8646ms 
2025-03-04 14:56:16.0025 Info Request starting HTTP/2 DELETE https://localhost:7208/HelloGreeting application/json 42 
2025-03-04 14:56:16.0025 Info Executing endpoint 'HelloGreetingApplication.Controllers.HelloGreetingController.Delete (HelloGreetingApplication)' 
2025-03-04 14:56:16.0025 Info Route matched with {action = "Delete", controller = "HelloGreeting"}. Executing controller action with signature Microsoft.AspNetCore.Mvc.IActionResult Delete(ModelLayer.Model.RequestModel) on controller HelloGreetingApplication.Controllers.HelloGreetingController (HelloGreetingApplication). 
2025-03-04 14:56:16.0025 Info DELETE request received and processed. 
2025-03-04 14:56:16.0025 Info Executing OkObjectResult, writing value of type 'ModelLayer.Model.ResponseModel`1[[System.String, System.Private.CoreLib, Version=6.0.0.0, Culture=neutral, PublicKeyToken=7cec85d7bea7798e]]'. 
2025-03-04 14:56:16.0025 Info Executed action HelloGreetingApplication.Controllers.HelloGreetingController.Delete (HelloGreetingApplication) in 0.9937ms 
2025-03-04 14:56:16.0025 Info Executed endpoint 'HelloGreetingApplication.Controllers.HelloGreetingController.Delete (HelloGreetingApplication)' 
2025-03-04 14:56:16.0025 Info Request finished HTTP/2 DELETE https://localhost:7208/HelloGreeting application/json 42 - 200 - application/json;+charset=utf-8 11.9868ms 
2025-03-04 14:57:29.1945 Info Request starting HTTP/2 DELETE https://localhost:7208/HelloGreeting application/json 42 
2025-03-04 14:57:29.1945 Info Executing endpoint 'HelloGreetingApplication.Controllers.HelloGreetingController.Delete (HelloGreetingApplication)' 
2025-03-04 14:57:29.1945 Info Route matched with {action = "Delete", controller = "HelloGreeting"}. Executing controller action with signature Microsoft.AspNetCore.Mvc.IActionResult Delete(ModelLayer.Model.RequestModel) on controller HelloGreetingApplication.Controllers.HelloGreetingController (HelloGreetingApplication). 
2025-03-04 14:57:29.1945 Info DELETE request received and processed. 
2025-03-04 14:57:29.1945 Info Executing OkObjectResult, writing value of type 'ModelLayer.Model.ResponseModel`1[[System.String, System.Private.CoreLib, Version=6.0.0.0, Culture=neutral, PublicKeyToken=7cec85d7bea7798e]]'. 
2025-03-04 14:57:29.2028 Info Executed action HelloGreetingApplication.Controllers.HelloGreetingController.Delete (HelloGreetingApplication) in 0.8928ms 
2025-03-04 14:57:29.2028 Info Executed endpoint 'HelloGreetingApplication.Controllers.HelloGreetingController.Delete (HelloGreetingApplication)' 
2025-03-04 14:57:29.2028 Info Request finished HTTP/2 DELETE https://localhost:7208/HelloGreeting application/json 42 - 200 - application/json;+charset=utf-8 8.5618ms 
2025-03-04 14:57:31.1878 Info Request starting HTTP/2 DELETE https://localhost:7208/HelloGreeting application/json 42 
2025-03-04 14:57:31.1878 Info Executing endpoint 'HelloGreetingApplication.Controllers.HelloGreetingController.Delete (HelloGreetingApplication)' 
2025-03-04 14:57:31.1878 Info Route matched with {action = "Delete", controller = "HelloGreeting"}. Executing controller action with signature Microsoft.AspNetCore.Mvc.IActionResult Delete(ModelLayer.Model.RequestModel) on controller HelloGreetingApplication.Controllers.HelloGreetingController (HelloGreetingApplication). 
2025-03-04 14:57:31.2079 Info DELETE request received and processed. 
2025-03-04 14:57:31.2079 Info Executing OkObjectResult, writing value of type 'ModelLayer.Model.ResponseModel`1[[System.String, System.Private.CoreLib, Version=6.0.0.0, Culture=neutral, PublicKeyToken=7cec85d7bea7798e]]'. 
2025-03-04 14:57:31.2079 Info Executed action HelloGreetingApplication.Controllers.HelloGreetingController.Delete (HelloGreetingApplication) in 6.1529ms 
2025-03-04 14:57:31.2079 Info Executed endpoint 'HelloGreetingApplication.Controllers.HelloGreetingController.Delete (HelloGreetingApplication)' 
2025-03-04 14:57:31.2079 Info Request finished HTTP/2 DELETE https://localhost:7208/HelloGreeting application/json 42 - 200 - application/json;+charset=utf-8 20.5142ms 
2025-03-04 15:00:02.0112 Info Starting application... 
2025-03-04 15:00:02.9206 Info Now listening on: https://localhost:7208 
2025-03-04 15:00:02.9308 Info Now listening on: http://localhost:5254 
2025-03-04 15:00:02.9918 Info Application started. Press Ctrl+C to shut down. 
2025-03-04 15:00:02.9918 Info Hosting environment: Development 
2025-03-04 15:00:02.9918 Info Content root path: C:\Users\Prashant\Desktop\GreetingApp\GreetingApp\HelloGreetingApplication\ 
2025-03-04 15:00:03.4995 Info Request starting HTTP/2 GET https://localhost:7208/swagger/index.html - - 
2025-03-04 15:00:03.8146 Info Request finished HTTP/2 GET https://localhost:7208/swagger/index.html - - - 200 - text/html;charset=utf-8 317.1585ms 
2025-03-04 15:00:03.8351 Info Request starting HTTP/2 GET https://localhost:7208/_framework/aspnetcore-browser-refresh.js - - 
2025-03-04 15:00:03.8351 Info Request starting HTTP/2 GET https://localhost:7208/_vs/browserLink - - 
2025-03-04 15:00:03.8351 Info Request starting HTTP/2 GET https://localhost:7208/swagger/index.js - - 
2025-03-04 15:00:03.8351 Info Request finished HTTP/2 GET https://localhost:7208/swagger/index.js - - - 200 - application/javascript;charset=utf-8 1.9823ms 
2025-03-04 15:00:03.8351 Info Request finished HTTP/2 GET https://localhost:7208/_framework/aspnetcore-browser-refresh.js - - - 200 12380 application/javascript;+charset=utf-8 6.0546ms 
2025-03-04 15:00:03.9317 Info Request finished HTTP/2 GET https://localhost:7208/_vs/browserLink - - - 200 - text/javascript;+charset=UTF-8 96.1885ms 
2025-03-04 15:00:03.9707 Info Request starting HTTP/2 GET https://localhost:7208/swagger/v1/swagger.json - - 
2025-03-04 15:00:03.9707 Info Request finished HTTP/2 GET https://localhost:7208/swagger/v1/swagger.json - - - 200 - application/json;charset=utf-8 5.9895ms 
2025-03-04 15:00:24.9639 Info Request starting HTTP/2 POST https://localhost:7208/HelloGreeting application/json 42 
2025-03-04 15:00:24.9879 Info Executing endpoint 'HelloGreetingApplication.Controllers.HelloGreetingController.Post (HelloGreetingApplication)' 
2025-03-04 15:00:25.0322 Info Route matched with {action = "Post", controller = "HelloGreeting"}. Executing controller action with signature Microsoft.AspNetCore.Mvc.IActionResult Post(ModelLayer.Model.RequestModel) on controller HelloGreetingApplication.Controllers.HelloGreetingController (HelloGreetingApplication). 
2025-03-04 15:00:25.1064 Info POST request received and processed. 
2025-03-04 15:00:25.1200 Info Executing OkObjectResult, writing value of type 'ModelLayer.Model.ResponseModel`1[[System.String, System.Private.CoreLib, Version=6.0.0.0, Culture=neutral, PublicKeyToken=7cec85d7bea7798e]]'. 
2025-03-04 15:00:25.1557 Info Executed action HelloGreetingApplication.Controllers.HelloGreetingController.Post (HelloGreetingApplication) in 96.0154ms 
2025-03-04 15:00:25.1557 Info Executed endpoint 'HelloGreetingApplication.Controllers.HelloGreetingController.Post (HelloGreetingApplication)' 
2025-03-04 15:00:25.1568 Info Request finished HTTP/2 POST https://localhost:7208/HelloGreeting application/json 42 - 200 - application/json;+charset=utf-8 194.2247ms 
2025-03-04 21:20:07.8886 Info Starting application... 
2025-03-04 21:20:08.6366 Info Now listening on: https://localhost:7208 
2025-03-04 21:20:08.6429 Info Now listening on: http://localhost:5254 
2025-03-04 21:20:08.6757 Info Application started. Press Ctrl+C to shut down. 
2025-03-04 21:20:08.6757 Info Hosting environment: Development 
2025-03-04 21:20:08.6757 Info Content root path: C:\Users\Prashant\Desktop\GreetingApp\GreetingApp\HelloGreetingApplication\ 
2025-03-04 21:20:09.3221 Info Request starting HTTP/2 GET https://localhost:7208/swagger/index.html - - 
2025-03-04 21:20:09.5850 Info Request finished HTTP/2 GET https://localhost:7208/swagger/index.html - - - 200 - text/html;charset=utf-8 264.0354ms 
2025-03-04 21:20:09.5850 Info Request starting HTTP/2 GET https://localhost:7208/_framework/aspnetcore-browser-refresh.js - - 
2025-03-04 21:20:09.5850 Info Request starting HTTP/2 GET https://localhost:7208/swagger/index.js - - 
2025-03-04 21:20:09.5850 Info Request starting HTTP/2 GET https://localhost:7208/_vs/browserLink - - 
2025-03-04 21:20:09.5966 Info Request finished HTTP/2 GET https://localhost:7208/swagger/index.js - - - 200 - application/javascript;charset=utf-8 3.7512ms 
2025-03-04 21:20:09.5966 Info Request finished HTTP/2 GET https://localhost:7208/_framework/aspnetcore-browser-refresh.js - - - 200 12380 application/javascript;+charset=utf-8 12.1760ms 
2025-03-04 21:20:09.6622 Info Request finished HTTP/2 GET https://localhost:7208/_vs/browserLink - - - 200 - text/javascript;+charset=UTF-8 69.4274ms 
2025-03-04 21:20:09.7040 Info Request starting HTTP/2 GET https://localhost:7208/swagger/v1/swagger.json - - 
2025-03-04 21:20:09.7040 Info Request finished HTTP/2 GET https://localhost:7208/swagger/v1/swagger.json - - - 200 - application/json;charset=utf-8 7.0304ms 
2025-03-04 21:20:15.1786 Info Request starting HTTP/2 GET https://localhost:7208/HelloGreeting - - 
2025-03-04 21:20:15.1786 Info Executing endpoint 'HelloGreetingApplication.Controllers.HelloGreetingController.Get (HelloGreetingApplication)' 
2025-03-04 21:20:15.1959 Info Route matched with {action = "Get", controller = "HelloGreeting"}. Executing controller action with signature Microsoft.AspNetCore.Mvc.IActionResult Get() on controller HelloGreetingApplication.Controllers.HelloGreetingController (HelloGreetingApplication). 
2025-03-04 21:20:15.2030 Info GET request received 
2025-03-04 21:20:15.2030 Info Executing OkObjectResult, writing value of type 'ModelLayer.Model.ResponseModel`1[[System.String, System.Private.CoreLib, Version=6.0.0.0, Culture=neutral, PublicKeyToken=7cec85d7bea7798e]]'. 
2025-03-04 21:20:15.2030 Info Executed action HelloGreetingApplication.Controllers.HelloGreetingController.Get (HelloGreetingApplication) in 15.5842ms 
2025-03-04 21:20:15.2030 Info Executed endpoint 'HelloGreetingApplication.Controllers.HelloGreetingController.Get (HelloGreetingApplication)' 
2025-03-04 21:20:15.2030 Info Request finished HTTP/2 GET https://localhost:7208/HelloGreeting - - - 200 - application/json;+charset=utf-8 36.4645ms 
2025-03-04 21:45:27.8214 Info Starting application... 
2025-03-04 21:45:28.6199 Info Now listening on: https://localhost:7208 
2025-03-04 21:45:28.6257 Info Now listening on: http://localhost:5254 
2025-03-04 21:45:28.6660 Info Application started. Press Ctrl+C to shut down. 
2025-03-04 21:45:28.6660 Info Hosting environment: Development 
2025-03-04 21:45:28.6660 Info Content root path: C:\Users\Prashant\Desktop\GreetingApp\GreetingApp\HelloGreetingApplication\ 
2025-03-04 21:45:28.9046 Info Request starting HTTP/2 GET https://localhost:7208/swagger/index.html - - 
2025-03-04 21:45:29.1571 Info Request finished HTTP/2 GET https://localhost:7208/swagger/index.html - - - 200 - text/html;charset=utf-8 254.3238ms 
2025-03-04 21:45:29.1750 Info Request starting HTTP/2 GET https://localhost:7208/_framework/aspnetcore-browser-refresh.js - - 
2025-03-04 21:45:29.1750 Info Request starting HTTP/2 GET https://localhost:7208/swagger/index.js - - 
2025-03-04 21:45:29.1750 Info Request starting HTTP/2 GET https://localhost:7208/_vs/browserLink - - 
2025-03-04 21:45:29.1750 Info Request finished HTTP/2 GET https://localhost:7208/swagger/index.js - - - 200 - application/javascript;charset=utf-8 1.5456ms 
2025-03-04 21:45:29.1750 Info Request finished HTTP/2 GET https://localhost:7208/_framework/aspnetcore-browser-refresh.js - - - 200 12380 application/javascript;+charset=utf-8 4.9187ms 
2025-03-04 21:45:29.2326 Info Request finished HTTP/2 GET https://localhost:7208/_vs/browserLink - - - 200 - text/javascript;+charset=UTF-8 57.5447ms 
2025-03-04 21:45:29.2630 Info Request starting HTTP/2 GET https://localhost:7208/swagger/v1/swagger.json - - 
2025-03-04 21:45:29.2671 Info Request finished HTTP/2 GET https://localhost:7208/swagger/v1/swagger.json - - - 200 - application/json;charset=utf-8 4.0775ms 
2025-03-04 21:45:50.1344 Info Request starting HTTP/2 GET https://localhost:7208/HelloGreeting?firstName=Prashant&lastName=Baghel - - 
2025-03-04 21:45:50.1344 Info Executing endpoint 'HelloGreetingApplication.Controllers.HelloGreetingController.Get (HelloGreetingApplication)' 
2025-03-04 21:45:50.1566 Info Route matched with {action = "Get", controller = "HelloGreeting"}. Executing controller action with signature Microsoft.AspNetCore.Mvc.IActionResult Get(System.String, System.String) on controller HelloGreetingApplication.Controllers.HelloGreetingController (HelloGreetingApplication). 
2025-03-04 21:45:50.2009 Info GET request received 
2025-03-04 21:45:50.2073 Info Executing OkObjectResult, writing value of type 'ModelLayer.Model.ResponseModel`1[[System.String, System.Private.CoreLib, Version=6.0.0.0, Culture=neutral, PublicKeyToken=7cec85d7bea7798e]]'. 
2025-03-04 21:45:50.2202 Info Executed action HelloGreetingApplication.Controllers.HelloGreetingController.Get (HelloGreetingApplication) in 52.8563ms 
2025-03-04 21:45:50.2202 Info Executed endpoint 'HelloGreetingApplication.Controllers.HelloGreetingController.Get (HelloGreetingApplication)' 
2025-03-04 21:45:50.2202 Info Request finished HTTP/2 GET https://localhost:7208/HelloGreeting?firstName=Prashant&lastName=Baghel - - - 200 - application/json;+charset=utf-8 89.0383ms 
2025-03-04 21:46:00.0324 Info Request starting HTTP/2 GET https://localhost:7208/HelloGreeting?lastName=Baghel - - 
2025-03-04 21:46:00.0324 Info Executing endpoint 'HelloGreetingApplication.Controllers.HelloGreetingController.Get (HelloGreetingApplication)' 
2025-03-04 21:46:00.0324 Info Route matched with {action = "Get", controller = "HelloGreeting"}. Executing controller action with signature Microsoft.AspNetCore.Mvc.IActionResult Get(System.String, System.String) on controller HelloGreetingApplication.Controllers.HelloGreetingController (HelloGreetingApplication). 
2025-03-04 21:46:00.0324 Info Executing BadRequestObjectResult, writing value of type 'Microsoft.AspNetCore.Mvc.ValidationProblemDetails'. 
2025-03-04 21:46:00.0324 Info Executed action HelloGreetingApplication.Controllers.HelloGreetingController.Get (HelloGreetingApplication) in 4.5961ms 
2025-03-04 21:46:00.0324 Info Executed endpoint 'HelloGreetingApplication.Controllers.HelloGreetingController.Get (HelloGreetingApplication)' 
2025-03-04 21:46:00.0324 Info Request finished HTTP/2 GET https://localhost:7208/HelloGreeting?lastName=Baghel - - - 400 - application/problem+json;+charset=utf-8 7.1106ms 
2025-03-04 21:47:21.0460 Info Request starting HTTP/2 GET https://localhost:7208/HelloGreeting?firstName=P&lastName=Baghel - - 
2025-03-04 21:47:21.0464 Info Executing endpoint 'HelloGreetingApplication.Controllers.HelloGreetingController.Get (HelloGreetingApplication)' 
2025-03-04 21:47:21.0464 Info Route matched with {action = "Get", controller = "HelloGreeting"}. Executing controller action with signature Microsoft.AspNetCore.Mvc.IActionResult Get(System.String, System.String) on controller HelloGreetingApplication.Controllers.HelloGreetingController (HelloGreetingApplication). 
2025-03-04 21:47:21.0752 Info GET request received 
2025-03-04 21:47:21.0752 Info Executing OkObjectResult, writing value of type 'ModelLayer.Model.ResponseModel`1[[System.String, System.Private.CoreLib, Version=6.0.0.0, Culture=neutral, PublicKeyToken=7cec85d7bea7798e]]'. 
2025-03-04 21:47:21.0752 Info Executed action HelloGreetingApplication.Controllers.HelloGreetingController.Get (HelloGreetingApplication) in 24.3214ms 
2025-03-04 21:47:21.0752 Info Executed endpoint 'HelloGreetingApplication.Controllers.HelloGreetingController.Get (HelloGreetingApplication)' 
2025-03-04 21:47:21.0752 Info Request finished HTTP/2 GET https://localhost:7208/HelloGreeting?firstName=P&lastName=Baghel - - - 200 - application/json;+charset=utf-8 29.6422ms 
2025-03-04 21:47:29.1679 Info Request starting HTTP/2 GET https://localhost:7208/HelloGreeting?firstName=P - - 
2025-03-04 21:47:29.1679 Info Executing endpoint 'HelloGreetingApplication.Controllers.HelloGreetingController.Get (HelloGreetingApplication)' 
2025-03-04 21:47:29.1679 Info Route matched with {action = "Get", controller = "HelloGreeting"}. Executing controller action with signature Microsoft.AspNetCore.Mvc.IActionResult Get(System.String, System.String) on controller HelloGreetingApplication.Controllers.HelloGreetingController (HelloGreetingApplication). 
2025-03-04 21:47:29.1679 Info Executing BadRequestObjectResult, writing value of type 'Microsoft.AspNetCore.Mvc.ValidationProblemDetails'. 
2025-03-04 21:47:29.1711 Info Executed action HelloGreetingApplication.Controllers.HelloGreetingController.Get (HelloGreetingApplication) in 1.869ms 
2025-03-04 21:47:29.1711 Info Executed endpoint 'HelloGreetingApplication.Controllers.HelloGreetingController.Get (HelloGreetingApplication)' 
2025-03-04 21:47:29.1711 Info Request finished HTTP/2 GET https://localhost:7208/HelloGreeting?firstName=P - - - 400 - application/problem+json;+charset=utf-8 3.7200ms 
2025-03-04 21:48:00.7222 Info Starting application... 
2025-03-04 21:48:01.5445 Info Now listening on: https://localhost:7208 
2025-03-04 21:48:01.5514 Info Now listening on: http://localhost:5254 
2025-03-04 21:48:01.5868 Info Application started. Press Ctrl+C to shut down. 
2025-03-04 21:48:01.5868 Info Hosting environment: Development 
2025-03-04 21:48:01.5868 Info Content root path: C:\Users\Prashant\Desktop\GreetingApp\GreetingApp\HelloGreetingApplication\ 
2025-03-04 21:48:02.0989 Info Request starting HTTP/2 GET https://localhost:7208/swagger/index.html - - 
2025-03-04 21:48:02.3653 Info Request finished HTTP/2 GET https://localhost:7208/swagger/index.html - - - 200 - text/html;charset=utf-8 267.9800ms 
2025-03-04 21:48:02.3835 Info Request starting HTTP/2 GET https://localhost:7208/_framework/aspnetcore-browser-refresh.js - - 
2025-03-04 21:48:02.3835 Info Request starting HTTP/2 GET https://localhost:7208/_vs/browserLink - - 
2025-03-04 21:48:02.3835 Info Request starting HTTP/2 GET https://localhost:7208/swagger/index.js - - 
2025-03-04 21:48:02.3835 Info Request finished HTTP/2 GET https://localhost:7208/swagger/index.js - - - 200 - application/javascript;charset=utf-8 1.8252ms 
2025-03-04 21:48:02.3835 Info Request finished HTTP/2 GET https://localhost:7208/_framework/aspnetcore-browser-refresh.js - - - 200 12380 application/javascript;+charset=utf-8 5.5529ms 
2025-03-04 21:48:02.4504 Info Request finished HTTP/2 GET https://localhost:7208/_vs/browserLink - - - 200 - text/javascript;+charset=UTF-8 66.8766ms 
2025-03-04 21:48:02.4870 Info Request starting HTTP/2 GET https://localhost:7208/swagger/v1/swagger.json - - 
2025-03-04 21:48:02.4870 Info Request finished HTTP/2 GET https://localhost:7208/swagger/v1/swagger.json - - - 200 - application/json;charset=utf-8 5.9011ms 
2025-03-04 21:48:14.3406 Info Request starting HTTP/2 GET https://localhost:7208/HelloGreeting?firstName=p&lastName=b - - 
2025-03-04 21:48:14.3483 Info Executing endpoint 'HelloGreetingApplication.Controllers.HelloGreetingController.Get (HelloGreetingApplication)' 
2025-03-04 21:48:14.3740 Info Route matched with {action = "Get", controller = "HelloGreeting"}. Executing controller action with signature Microsoft.AspNetCore.Mvc.IActionResult Get(System.String, System.String) on controller HelloGreetingApplication.Controllers.HelloGreetingController (HelloGreetingApplication). 
2025-03-04 21:48:14.4266 Info GET request received 
2025-03-04 21:48:14.4266 Info Executing OkObjectResult, writing value of type 'ModelLayer.Model.ResponseModel`1[[System.String, System.Private.CoreLib, Version=6.0.0.0, Culture=neutral, PublicKeyToken=7cec85d7bea7798e]]'. 
2025-03-04 21:48:14.4482 Info Executed action HelloGreetingApplication.Controllers.HelloGreetingController.Get (HelloGreetingApplication) in 65.3088ms 
2025-03-04 21:48:14.4482 Info Executed endpoint 'HelloGreetingApplication.Controllers.HelloGreetingController.Get (HelloGreetingApplication)' 
2025-03-04 21:48:14.4482 Info Request finished HTTP/2 GET https://localhost:7208/HelloGreeting?firstName=p&lastName=b - - - 200 - application/json;+charset=utf-8 107.9105ms 
2025-03-04 21:48:20.8664 Info Request starting HTTP/2 GET https://localhost:7208/HelloGreeting?lastName=b - - 
2025-03-04 21:48:20.8664 Info Executing endpoint 'HelloGreetingApplication.Controllers.HelloGreetingController.Get (HelloGreetingApplication)' 
2025-03-04 21:48:20.8664 Info Route matched with {action = "Get", controller = "HelloGreeting"}. Executing controller action with signature Microsoft.AspNetCore.Mvc.IActionResult Get(System.String, System.String) on controller HelloGreetingApplication.Controllers.HelloGreetingController (HelloGreetingApplication). 
2025-03-04 21:48:20.8664 Info Executing BadRequestObjectResult, writing value of type 'Microsoft.AspNetCore.Mvc.ValidationProblemDetails'. 
2025-03-04 21:48:20.8752 Info Executed action HelloGreetingApplication.Controllers.HelloGreetingController.Get (HelloGreetingApplication) in 6.6364ms 
2025-03-04 21:48:20.8752 Info Executed endpoint 'HelloGreetingApplication.Controllers.HelloGreetingController.Get (HelloGreetingApplication)' 
2025-03-04 21:48:20.8752 Info Request finished HTTP/2 GET https://localhost:7208/HelloGreeting?lastName=b - - - 400 - application/problem+json;+charset=utf-8 8.9856ms 
2025-03-04 21:48:28.9921 Info Request starting HTTP/2 GET https://localhost:7208/HelloGreeting - - 
2025-03-04 21:48:28.9921 Info Executing endpoint 'HelloGreetingApplication.Controllers.HelloGreetingController.Get (HelloGreetingApplication)' 
2025-03-04 21:48:28.9921 Info Route matched with {action = "Get", controller = "HelloGreeting"}. Executing controller action with signature Microsoft.AspNetCore.Mvc.IActionResult Get(System.String, System.String) on controller HelloGreetingApplication.Controllers.HelloGreetingController (HelloGreetingApplication). 
2025-03-04 21:48:28.9921 Info Executing BadRequestObjectResult, writing value of type 'Microsoft.AspNetCore.Mvc.ValidationProblemDetails'. 
2025-03-04 21:48:28.9921 Info Executed action HelloGreetingApplication.Controllers.HelloGreetingController.Get (HelloGreetingApplication) in 2.3367ms 
2025-03-04 21:48:28.9921 Info Executed endpoint 'HelloGreetingApplication.Controllers.HelloGreetingController.Get (HelloGreetingApplication)' 
2025-03-04 21:48:28.9921 Info Request finished HTTP/2 GET https://localhost:7208/HelloGreeting - - - 400 - application/problem+json;+charset=utf-8 5.5974ms 
2025-03-04 21:49:42.0643 Info Starting application... 
2025-03-04 21:49:42.2619 Info Now listening on: https://localhost:7208 
2025-03-04 21:49:42.2658 Info Now listening on: http://localhost:5254 
2025-03-04 21:49:42.2886 Info Application started. Press Ctrl+C to shut down. 
2025-03-04 21:49:42.2886 Info Hosting environment: Development 
2025-03-04 21:49:42.2886 Info Content root path: C:\Users\Prashant\Desktop\GreetingApp\GreetingApp\HelloGreetingApplication\ 
2025-03-04 21:49:42.6197 Info Request starting HTTP/2 GET https://localhost:7208/swagger/index.html - - 
2025-03-04 21:49:42.7354 Info Request finished HTTP/2 GET https://localhost:7208/swagger/index.html - - - 200 - text/html;charset=utf-8 116.5497ms 
2025-03-04 21:49:42.7516 Info Request starting HTTP/2 GET https://localhost:7208/_framework/aspnetcore-browser-refresh.js - - 
2025-03-04 21:49:42.7516 Info Request starting HTTP/2 GET https://localhost:7208/swagger/index.js - - 
2025-03-04 21:49:42.7516 Info Request starting HTTP/2 GET https://localhost:7208/_vs/browserLink - - 
2025-03-04 21:49:42.7516 Info Request finished HTTP/2 GET https://localhost:7208/swagger/index.js - - - 200 - application/javascript;charset=utf-8 1.0706ms 
2025-03-04 21:49:42.7516 Info Request finished HTTP/2 GET https://localhost:7208/_framework/aspnetcore-browser-refresh.js - - - 200 12380 application/javascript;+charset=utf-8 3.3282ms 
2025-03-04 21:49:42.7768 Info Request finished HTTP/2 GET https://localhost:7208/_vs/browserLink - - - 200 - text/javascript;+charset=UTF-8 25.0728ms 
2025-03-04 21:49:42.9065 Info Request starting HTTP/2 GET https://localhost:7208/swagger/v1/swagger.json - - 
2025-03-04 21:49:42.9065 Info Request finished HTTP/2 GET https://localhost:7208/swagger/v1/swagger.json - - - 200 - application/json;charset=utf-8 3.8642ms 
2025-03-04 21:49:48.3788 Info Request starting HTTP/2 GET https://localhost:7208/HelloGreeting - - 
2025-03-04 21:49:48.3788 Info Executing endpoint 'HelloGreetingApplication.Controllers.HelloGreetingController.Get (HelloGreetingApplication)' 
2025-03-04 21:49:48.3950 Info Route matched with {action = "Get", controller = "HelloGreeting"}. Executing controller action with signature Microsoft.AspNetCore.Mvc.IActionResult Get(System.String, System.String) on controller HelloGreetingApplication.Controllers.HelloGreetingController (HelloGreetingApplication). 
2025-03-04 21:49:48.3950 Info Executing BadRequestObjectResult, writing value of type 'Microsoft.AspNetCore.Mvc.ValidationProblemDetails'. 
2025-03-04 21:49:48.4076 Info Executed action HelloGreetingApplication.Controllers.HelloGreetingController.Get (HelloGreetingApplication) in 10.7487ms 
2025-03-04 21:49:48.4076 Info Executed endpoint 'HelloGreetingApplication.Controllers.HelloGreetingController.Get (HelloGreetingApplication)' 
2025-03-04 21:49:48.4076 Info Request finished HTTP/2 GET https://localhost:7208/HelloGreeting - - - 400 - application/problem+json;+charset=utf-8 29.0560ms 
2025-03-04 21:51:29.5907 Info Starting application... 
2025-03-04 21:51:30.2675 Info Now listening on: https://localhost:7208 
2025-03-04 21:51:30.2675 Info Now listening on: http://localhost:5254 
2025-03-04 21:51:30.3050 Info Application started. Press Ctrl+C to shut down. 
2025-03-04 21:51:30.3050 Info Hosting environment: Development 
2025-03-04 21:51:30.3050 Info Content root path: C:\Users\Prashant\Desktop\GreetingApp\GreetingApp\HelloGreetingApplication\ 
2025-03-04 21:51:30.7519 Info Request starting HTTP/2 GET https://localhost:7208/swagger/index.html - - 
2025-03-04 21:51:30.9965 Info Request starting HTTP/2 GET https://localhost:7208/_framework/aspnetcore-browser-refresh.js - - 
2025-03-04 21:51:30.9965 Info Request starting HTTP/2 GET https://localhost:7208/swagger/index.js - - 
2025-03-04 21:51:30.9965 Info Request finished HTTP/2 GET https://localhost:7208/swagger/index.html - - - 200 - text/html;charset=utf-8 246.0132ms 
2025-03-04 21:51:31.0016 Info Request starting HTTP/2 GET https://localhost:7208/_vs/browserLink - - 
2025-03-04 21:51:31.0411 Info Request finished HTTP/2 GET https://localhost:7208/swagger/index.js - - - 200 - application/javascript;charset=utf-8 42.7386ms 
2025-03-04 21:51:31.0411 Info Request finished HTTP/2 GET https://localhost:7208/_framework/aspnetcore-browser-refresh.js - - - 200 12380 application/javascript;+charset=utf-8 45.4203ms 
2025-03-04 21:51:31.0983 Info Request finished HTTP/2 GET https://localhost:7208/_vs/browserLink - - - 200 - text/javascript;+charset=UTF-8 96.7011ms 
2025-03-04 21:51:31.2128 Info Request starting HTTP/2 GET https://localhost:7208/swagger/v1/swagger.json - - 
2025-03-04 21:51:31.2189 Info Request finished HTTP/2 GET https://localhost:7208/swagger/v1/swagger.json - - - 200 - application/json;charset=utf-8 6.3572ms 
2025-03-04 21:51:39.5849 Info Request starting HTTP/2 GET https://localhost:7208/HelloGreeting - - 
2025-03-04 21:51:39.5849 Info Executing endpoint 'HelloGreetingApplication.Controllers.HelloGreetingController.Get (HelloGreetingApplication)' 
2025-03-04 21:51:39.6294 Info Route matched with {action = "Get", controller = "HelloGreeting"}. Executing controller action with signature Microsoft.AspNetCore.Mvc.IActionResult Get(System.String, System.String) on controller HelloGreetingApplication.Controllers.HelloGreetingController (HelloGreetingApplication). 
2025-03-04 21:51:39.6708 Info Executing BadRequestObjectResult, writing value of type 'Microsoft.AspNetCore.Mvc.ValidationProblemDetails'. 
2025-03-04 21:51:39.6786 Info Executed action HelloGreetingApplication.Controllers.HelloGreetingController.Get (HelloGreetingApplication) in 43.9326ms 
2025-03-04 21:51:39.6786 Info Executed endpoint 'HelloGreetingApplication.Controllers.HelloGreetingController.Get (HelloGreetingApplication)' 
2025-03-04 21:51:39.6786 Info Request finished HTTP/2 GET https://localhost:7208/HelloGreeting - - - 400 - application/problem+json;+charset=utf-8 93.9725ms 
2025-03-04 21:53:29.6601 Info Starting application... 
2025-03-04 21:53:30.4788 Info Now listening on: https://localhost:7208 
2025-03-04 21:53:30.4861 Info Now listening on: http://localhost:5254 
2025-03-04 21:53:30.5374 Info Application started. Press Ctrl+C to shut down. 
2025-03-04 21:53:30.5374 Info Hosting environment: Development 
2025-03-04 21:53:30.5374 Info Content root path: C:\Users\Prashant\Desktop\GreetingApp\GreetingApp\HelloGreetingApplication\ 
2025-03-04 21:53:30.7226 Info Request starting HTTP/2 GET https://localhost:7208/swagger/index.html - - 
2025-03-04 21:53:30.9916 Info Request finished HTTP/2 GET https://localhost:7208/swagger/index.html - - - 200 - text/html;charset=utf-8 272.3614ms 
2025-03-04 21:53:31.0064 Info Request starting HTTP/2 GET https://localhost:7208/_vs/browserLink - - 
2025-03-04 21:53:31.0064 Info Request starting HTTP/2 GET https://localhost:7208/_framework/aspnetcore-browser-refresh.js - - 
2025-03-04 21:53:31.0064 Info Request starting HTTP/2 GET https://localhost:7208/swagger/index.js - - 
2025-03-04 21:53:31.0064 Info Request finished HTTP/2 GET https://localhost:7208/swagger/index.js - - - 200 - application/javascript;charset=utf-8 1.9540ms 
2025-03-04 21:53:31.0064 Info Request finished HTTP/2 GET https://localhost:7208/_framework/aspnetcore-browser-refresh.js - - - 200 12380 application/javascript;+charset=utf-8 6.4330ms 
2025-03-04 21:53:31.0834 Info Request finished HTTP/2 GET https://localhost:7208/_vs/browserLink - - - 200 - text/javascript;+charset=UTF-8 77.0125ms 
2025-03-04 21:53:31.1303 Info Request starting HTTP/2 GET https://localhost:7208/swagger/v1/swagger.json - - 
2025-03-04 21:53:31.1303 Info Request finished HTTP/2 GET https://localhost:7208/swagger/v1/swagger.json - - - 200 - application/json;charset=utf-8 5.6989ms 
2025-03-04 21:53:37.6788 Info Request starting HTTP/2 GET https://localhost:7208/HelloGreeting - - 
2025-03-04 21:53:37.6788 Info Executing endpoint 'HelloGreetingApplication.Controllers.HelloGreetingController.Get (HelloGreetingApplication)' 
2025-03-04 21:53:37.7225 Info Route matched with {action = "Get", controller = "HelloGreeting"}. Executing controller action with signature Microsoft.AspNetCore.Mvc.IActionResult Get(System.String, System.String) on controller HelloGreetingApplication.Controllers.HelloGreetingController (HelloGreetingApplication). 
2025-03-04 21:53:37.7600 Info Executing BadRequestObjectResult, writing value of type 'Microsoft.AspNetCore.Mvc.ValidationProblemDetails'. 
2025-03-04 21:53:37.7745 Info Executed action HelloGreetingApplication.Controllers.HelloGreetingController.Get (HelloGreetingApplication) in 39.4247ms 
2025-03-04 21:53:37.7745 Info Executed endpoint 'HelloGreetingApplication.Controllers.HelloGreetingController.Get (HelloGreetingApplication)' 
2025-03-04 21:53:37.7745 Info Request finished HTTP/2 GET https://localhost:7208/HelloGreeting - - - 400 - application/problem+json;+charset=utf-8 95.9496ms 
2025-03-04 21:56:25.5613 Info Starting application... 
2025-03-04 21:56:26.2793 Info Now listening on: https://localhost:7208 
2025-03-04 21:56:26.2862 Info Now listening on: http://localhost:5254 
2025-03-04 21:56:26.3275 Info Application started. Press Ctrl+C to shut down. 
2025-03-04 21:56:26.3275 Info Hosting environment: Development 
2025-03-04 21:56:26.3275 Info Content root path: C:\Users\Prashant\Desktop\GreetingApp\GreetingApp\HelloGreetingApplication\ 
2025-03-04 21:56:26.5857 Info Request starting HTTP/2 GET https://localhost:7208/swagger/index.html - - 
2025-03-04 21:56:26.8213 Info Request finished HTTP/2 GET https://localhost:7208/swagger/index.html - - - 200 - text/html;charset=utf-8 237.1500ms 
2025-03-04 21:56:26.8333 Info Request starting HTTP/2 GET https://localhost:7208/_vs/browserLink - - 
2025-03-04 21:56:26.8333 Info Request starting HTTP/2 GET https://localhost:7208/swagger/index.js - - 
2025-03-04 21:56:26.8333 Info Request starting HTTP/2 GET https://localhost:7208/_framework/aspnetcore-browser-refresh.js - - 
2025-03-04 21:56:26.8333 Info Request finished HTTP/2 GET https://localhost:7208/swagger/index.js - - - 200 - application/javascript;charset=utf-8 1.5033ms 
2025-03-04 21:56:26.8333 Info Request finished HTTP/2 GET https://localhost:7208/_framework/aspnetcore-browser-refresh.js - - - 200 12380 application/javascript;+charset=utf-8 5.7816ms 
2025-03-04 21:56:26.8861 Info Request finished HTTP/2 GET https://localhost:7208/_vs/browserLink - - - 200 - text/javascript;+charset=UTF-8 52.8153ms 
2025-03-04 21:56:26.9218 Info Request starting HTTP/2 GET https://localhost:7208/swagger/v1/swagger.json - - 
2025-03-04 21:56:26.9218 Info Request finished HTTP/2 GET https://localhost:7208/swagger/v1/swagger.json - - - 200 - application/json;charset=utf-8 4.5897ms 
2025-03-04 21:56:33.3139 Info Request starting HTTP/2 GET https://localhost:7208/HelloGreeting - - 
2025-03-04 21:56:33.3139 Info Executing endpoint 'HelloGreetingApplication.Controllers.HelloGreetingController.Get (HelloGreetingApplication)' 
2025-03-04 21:56:33.3722 Info Route matched with {action = "Get", controller = "HelloGreeting"}. Executing controller action with signature Microsoft.AspNetCore.Mvc.IActionResult Get(System.String, System.String) on controller HelloGreetingApplication.Controllers.HelloGreetingController (HelloGreetingApplication). 
2025-03-04 21:56:33.3961 Info GET request received 
2025-03-04 21:56:33.3961 Info Executing OkObjectResult, writing value of type 'ModelLayer.Model.ResponseModel`1[[System.String, System.Private.CoreLib, Version=6.0.0.0, Culture=neutral, PublicKeyToken=7cec85d7bea7798e]]'. 
2025-03-04 21:56:33.4172 Info Executed action HelloGreetingApplication.Controllers.HelloGreetingController.Get (HelloGreetingApplication) in 36.8952ms 
2025-03-04 21:56:33.4172 Info Executed endpoint 'HelloGreetingApplication.Controllers.HelloGreetingController.Get (HelloGreetingApplication)' 
2025-03-04 21:56:33.4172 Info Request finished HTTP/2 GET https://localhost:7208/HelloGreeting - - - 200 - application/json;+charset=utf-8 104.7118ms 
2025-03-04 21:56:44.9631 Info Request starting HTTP/2 GET https://localhost:7208/HelloGreeting?firstName=Prash - - 
2025-03-04 21:56:44.9631 Info Executing endpoint 'HelloGreetingApplication.Controllers.HelloGreetingController.Get (HelloGreetingApplication)' 
2025-03-04 21:56:44.9631 Info Route matched with {action = "Get", controller = "HelloGreeting"}. Executing controller action with signature Microsoft.AspNetCore.Mvc.IActionResult Get(System.String, System.String) on controller HelloGreetingApplication.Controllers.HelloGreetingController (HelloGreetingApplication). 
2025-03-04 21:56:44.9768 Info GET request received 
2025-03-04 21:56:44.9768 Info Executing OkObjectResult, writing value of type 'ModelLayer.Model.ResponseModel`1[[System.String, System.Private.CoreLib, Version=6.0.0.0, Culture=neutral, PublicKeyToken=7cec85d7bea7798e]]'. 
2025-03-04 21:56:44.9768 Info Executed action HelloGreetingApplication.Controllers.HelloGreetingController.Get (HelloGreetingApplication) in 12.2329ms 
2025-03-04 21:56:44.9768 Info Executed endpoint 'HelloGreetingApplication.Controllers.HelloGreetingController.Get (HelloGreetingApplication)' 
2025-03-04 21:56:44.9768 Info Request finished HTTP/2 GET https://localhost:7208/HelloGreeting?firstName=Prash - - - 200 - application/json;+charset=utf-8 14.5766ms 
2025-03-04 21:56:56.3530 Info Request starting HTTP/2 GET https://localhost:7208/HelloGreeting - - 
2025-03-04 21:56:56.3530 Info Executing endpoint 'HelloGreetingApplication.Controllers.HelloGreetingController.Get (HelloGreetingApplication)' 
2025-03-04 21:56:56.3530 Info Route matched with {action = "Get", controller = "HelloGreeting"}. Executing controller action with signature Microsoft.AspNetCore.Mvc.IActionResult Get(System.String, System.String) on controller HelloGreetingApplication.Controllers.HelloGreetingController (HelloGreetingApplication). 
2025-03-04 21:56:56.3530 Info GET request received 
2025-03-04 21:56:56.3530 Info Executing OkObjectResult, writing value of type 'ModelLayer.Model.ResponseModel`1[[System.String, System.Private.CoreLib, Version=6.0.0.0, Culture=neutral, PublicKeyToken=7cec85d7bea7798e]]'. 
2025-03-04 21:56:56.3530 Info Executed action HelloGreetingApplication.Controllers.HelloGreetingController.Get (HelloGreetingApplication) in 1.9782ms 
2025-03-04 21:56:56.3530 Info Executed endpoint 'HelloGreetingApplication.Controllers.HelloGreetingController.Get (HelloGreetingApplication)' 
2025-03-04 21:56:56.3530 Info Request finished HTTP/2 GET https://localhost:7208/HelloGreeting - - - 200 - application/json;+charset=utf-8 3.3359ms 
2025-03-04 21:59:22.8543 Info Starting application... 
2025-03-04 21:59:23.5435 Info Now listening on: https://localhost:7208 
2025-03-04 21:59:23.5494 Info Now listening on: http://localhost:5254 
2025-03-04 21:59:23.5820 Info Application started. Press Ctrl+C to shut down. 
2025-03-04 21:59:23.5820 Info Hosting environment: Development 
2025-03-04 21:59:23.5820 Info Content root path: C:\Users\Prashant\Desktop\GreetingApp\GreetingApp\HelloGreetingApplication\ 
2025-03-04 21:59:24.1355 Info Request starting HTTP/2 GET https://localhost:7208/swagger/index.html - - 
2025-03-04 21:59:24.3562 Info Request finished HTTP/2 GET https://localhost:7208/swagger/index.html - - - 200 - text/html;charset=utf-8 221.7227ms 
2025-03-04 21:59:24.3688 Info Request starting HTTP/2 GET https://localhost:7208/_framework/aspnetcore-browser-refresh.js - - 
2025-03-04 21:59:24.3688 Info Request starting HTTP/2 GET https://localhost:7208/swagger/index.js - - 
2025-03-04 21:59:24.3688 Info Request starting HTTP/2 GET https://localhost:7208/_vs/browserLink - - 
2025-03-04 21:59:24.3688 Info Request finished HTTP/2 GET https://localhost:7208/swagger/index.js - - - 200 - application/javascript;charset=utf-8 1.4449ms 
2025-03-04 21:59:24.3688 Info Request finished HTTP/2 GET https://localhost:7208/_framework/aspnetcore-browser-refresh.js - - - 200 12380 application/javascript;+charset=utf-8 4.7495ms 
2025-03-04 21:59:24.4258 Info Request finished HTTP/2 GET https://localhost:7208/_vs/browserLink - - - 200 - text/javascript;+charset=UTF-8 57.0252ms 
2025-03-04 21:59:24.4858 Info Request starting HTTP/2 GET https://localhost:7208/swagger/v1/swagger.json - - 
2025-03-04 21:59:24.4858 Info Request finished HTTP/2 GET https://localhost:7208/swagger/v1/swagger.json - - - 200 - application/json;charset=utf-8 5.1878ms 
2025-03-04 21:59:34.5454 Info Request starting HTTP/2 GET https://localhost:7208/HelloGreeting?firstName=prash - - 
2025-03-04 21:59:34.5544 Info Executing endpoint 'HelloGreetingApplication.Controllers.HelloGreetingController.Get (HelloGreetingApplication)' 
2025-03-04 21:59:34.5955 Info Route matched with {action = "Get", controller = "HelloGreeting"}. Executing controller action with signature Microsoft.AspNetCore.Mvc.IActionResult Get(System.String, System.String) on controller HelloGreetingApplication.Controllers.HelloGreetingController (HelloGreetingApplication). 
2025-03-04 21:59:34.6313 Info GET request received 
2025-03-04 21:59:34.6405 Info Executing OkObjectResult, writing value of type 'ModelLayer.Model.ResponseModel`1[[System.String, System.Private.CoreLib, Version=6.0.0.0, Culture=neutral, PublicKeyToken=7cec85d7bea7798e]]'. 
2025-03-04 21:59:34.6405 Info Executed action HelloGreetingApplication.Controllers.HelloGreetingController.Get (HelloGreetingApplication) in 49.1285ms 
2025-03-04 21:59:34.6405 Info Executed endpoint 'HelloGreetingApplication.Controllers.HelloGreetingController.Get (HelloGreetingApplication)' 
2025-03-04 21:59:34.6405 Info Request finished HTTP/2 GET https://localhost:7208/HelloGreeting?firstName=prash - - - 200 - application/json;+charset=utf-8 107.7375ms 
2025-03-04 21:59:46.6206 Info Request starting HTTP/2 POST https://localhost:7208/HelloGreeting application/json 52 
2025-03-04 21:59:46.6206 Info Executing endpoint 'HelloGreetingApplication.Controllers.HelloGreetingController.Post (HelloGreetingApplication)' 
2025-03-04 21:59:46.6248 Info Route matched with {action = "Post", controller = "HelloGreeting"}. Executing controller action with signature Microsoft.AspNetCore.Mvc.IActionResult Post(ModelLayer.Model.RequestModel) on controller HelloGreetingApplication.Controllers.HelloGreetingController (HelloGreetingApplication). 
2025-03-04 21:59:46.6602 Info POST request received and processed. 
2025-03-04 21:59:46.6602 Info Executing OkObjectResult, writing value of type 'ModelLayer.Model.ResponseModel`1[[System.String, System.Private.CoreLib, Version=6.0.0.0, Culture=neutral, PublicKeyToken=7cec85d7bea7798e]]'. 
2025-03-04 21:59:46.6602 Info Executed action HelloGreetingApplication.Controllers.HelloGreetingController.Post (HelloGreetingApplication) in 35.9002ms 
2025-03-04 21:59:46.6602 Info Executed endpoint 'HelloGreetingApplication.Controllers.HelloGreetingController.Post (HelloGreetingApplication)' 
2025-03-04 21:59:46.6602 Info Request finished HTTP/2 POST https://localhost:7208/HelloGreeting application/json 52 - 200 - application/json;+charset=utf-8 40.5674ms 
2025-03-04 22:11:12.6733 Info Starting application... 
2025-03-04 22:11:13.5221 Info Now listening on: https://localhost:7208 
2025-03-04 22:11:13.5221 Info Now listening on: http://localhost:5254 
2025-03-04 22:11:13.5719 Info Application started. Press Ctrl+C to shut down. 
2025-03-04 22:11:13.5719 Info Hosting environment: Development 
2025-03-04 22:11:13.5719 Info Content root path: C:\Users\Prashant\Desktop\GreetingApp\GreetingApp\HelloGreetingApplication\ 
2025-03-04 22:11:14.3103 Info Request starting HTTP/2 GET https://localhost:7208/swagger/index.html - - 
2025-03-04 22:11:14.6356 Info Request finished HTTP/2 GET https://localhost:7208/swagger/index.html - - - 200 - text/html;charset=utf-8 327.0708ms 
2025-03-04 22:11:14.6485 Info Request starting HTTP/2 GET https://localhost:7208/swagger/index.js - - 
2025-03-04 22:11:14.6485 Info Request starting HTTP/2 GET https://localhost:7208/_framework/aspnetcore-browser-refresh.js - - 
2025-03-04 22:11:14.6485 Info Request starting HTTP/2 GET https://localhost:7208/_vs/browserLink - - 
2025-03-04 22:11:14.6485 Info Request finished HTTP/2 GET https://localhost:7208/swagger/index.js - - - 200 - application/javascript;charset=utf-8 1.7734ms 
2025-03-04 22:11:14.6485 Info Request finished HTTP/2 GET https://localhost:7208/_framework/aspnetcore-browser-refresh.js - - - 200 12380 application/javascript;+charset=utf-8 6.6172ms 
2025-03-04 22:11:14.7467 Info Request finished HTTP/2 GET https://localhost:7208/_vs/browserLink - - - 200 - text/javascript;+charset=UTF-8 98.1374ms 
2025-03-04 22:11:14.7924 Info Request starting HTTP/2 GET https://localhost:7208/swagger/v1/swagger.json - - 
2025-03-04 22:11:14.7998 Info Request finished HTTP/2 GET https://localhost:7208/swagger/v1/swagger.json - - - 200 - application/json;charset=utf-8 7.3973ms 
2025-03-04 22:11:23.3491 Info Request starting HTTP/2 GET https://localhost:7208/swagger/index.html - - 
2025-03-04 22:11:23.3491 Info Request finished HTTP/2 GET https://localhost:7208/swagger/index.html - - - 200 - text/html;charset=utf-8 5.7313ms 
2025-03-04 22:11:23.4172 Info Request starting HTTP/2 GET https://localhost:7208/swagger/index.js - - 
2025-03-04 22:11:23.4172 Info Request starting HTTP/2 GET https://localhost:7208/_framework/aspnetcore-browser-refresh.js - - 
2025-03-04 22:11:23.4172 Info Request finished HTTP/2 GET https://localhost:7208/_framework/aspnetcore-browser-refresh.js - - - 200 12380 application/javascript;+charset=utf-8 1.3620ms 
2025-03-04 22:11:23.4172 Info Request finished HTTP/2 GET https://localhost:7208/swagger/index.js - - - 200 - application/javascript;charset=utf-8 2.2561ms 
2025-03-04 22:11:23.4258 Info Request starting HTTP/2 GET https://localhost:7208/_vs/browserLink - - 
2025-03-04 22:11:23.4378 Info Request finished HTTP/2 GET https://localhost:7208/_vs/browserLink - - - 200 - text/javascript;+charset=UTF-8 11.9931ms 
2025-03-04 22:11:23.6383 Info Request starting HTTP/2 GET https://localhost:7208/swagger/v1/swagger.json - - 
2025-03-04 22:11:23.6383 Info Request finished HTTP/2 GET https://localhost:7208/swagger/v1/swagger.json - - - 200 - application/json;charset=utf-8 2.1594ms 
2025-03-04 22:11:26.1805 Info Request starting HTTP/2 GET https://localhost:7208/HelloGreeting?firstName=p - - 
2025-03-04 22:11:26.1805 Info Executing endpoint 'HelloGreetingApplication.Controllers.HelloGreetingController.Get (HelloGreetingApplication)' 
2025-03-04 22:11:26.1995 Info Route matched with {action = "Get", controller = "HelloGreeting"}. Executing controller action with signature Microsoft.AspNetCore.Mvc.IActionResult Get(System.String, System.String) on controller HelloGreetingApplication.Controllers.HelloGreetingController (HelloGreetingApplication). 
2025-03-04 22:11:26.2219 Info GET request received 
2025-03-04 22:11:26.2219 Info Executing OkObjectResult, writing value of type 'ModelLayer.Model.ResponseModel`1[[System.String, System.Private.CoreLib, Version=6.0.0.0, Culture=neutral, PublicKeyToken=7cec85d7bea7798e]]'. 
2025-03-04 22:11:26.2219 Info Executed action HelloGreetingApplication.Controllers.HelloGreetingController.Get (HelloGreetingApplication) in 29.354ms 
2025-03-04 22:11:26.2219 Info Executed endpoint 'HelloGreetingApplication.Controllers.HelloGreetingController.Get (HelloGreetingApplication)' 
2025-03-04 22:11:26.2219 Info Request finished HTTP/2 GET https://localhost:7208/HelloGreeting?firstName=p - - - 200 - application/json;+charset=utf-8 52.3771ms 
2025-03-05 11:01:06.9445 Info Starting application... 
2025-03-05 11:01:07.8343 Info Now listening on: https://localhost:7208 
2025-03-05 11:01:07.8695 Info Now listening on: http://localhost:5254 
2025-03-05 11:01:07.9222 Info Application started. Press Ctrl+C to shut down. 
2025-03-05 11:01:07.9222 Info Hosting environment: Development 
2025-03-05 11:01:07.9222 Info Content root path: C:\Users\Prashant\Desktop\GreetingApp\GreetingApp\HelloGreetingApplication\ 
2025-03-05 11:01:08.3120 Info Request starting HTTP/2 GET https://localhost:7208/swagger/index.html - - 
2025-03-05 11:01:08.6409 Info Request finished HTTP/2 GET https://localhost:7208/swagger/index.html - - - 200 - text/html;charset=utf-8 333.3965ms 
2025-03-05 11:01:08.6409 Info Request starting HTTP/2 GET https://localhost:7208/swagger/index.js - - 
2025-03-05 11:01:08.6409 Info Request starting HTTP/2 GET https://localhost:7208/swagger/swagger-ui.css - - 
2025-03-05 11:01:08.6409 Info Request starting HTTP/2 GET https://localhost:7208/_vs/browserLink - - 
2025-03-05 11:01:08.6409 Info Request starting HTTP/2 GET https://localhost:7208/_framework/aspnetcore-browser-refresh.js - - 
2025-03-05 11:01:08.6409 Info Request finished HTTP/2 GET https://localhost:7208/swagger/index.js - - - 200 - application/javascript;charset=utf-8 1.9742ms 
2025-03-05 11:01:08.6620 Info Request starting HTTP/2 GET https://localhost:7208/swagger/index.css - - 
2025-03-05 11:01:08.6620 Info Request starting HTTP/2 GET https://localhost:7208/swagger/swagger-ui-standalone-preset.js - - 
2025-03-05 11:01:08.6711 Info Request finished HTTP/2 GET https://localhost:7208/_framework/aspnetcore-browser-refresh.js - - - 200 12380 application/javascript;+charset=utf-8 18.8107ms 
2025-03-05 11:01:08.6711 Info Request starting HTTP/2 GET https://localhost:7208/swagger/swagger-ui-bundle.js - - 
2025-03-05 11:01:08.6711 Info The file /swagger-ui.css was not modified 
2025-03-05 11:01:08.6711 Info The file /index.css was not modified 
2025-03-05 11:01:08.6711 Info The file /swagger-ui-bundle.js was not modified 
2025-03-05 11:01:08.6711 Info The file /swagger-ui-standalone-preset.js was not modified 
2025-03-05 11:01:08.6711 Info Request finished HTTP/2 GET https://localhost:7208/swagger/index.css - - - 304 - text/css 22.4960ms 
2025-03-05 11:01:08.6711 Info Request finished HTTP/2 GET https://localhost:7208/swagger/swagger-ui.css - - - 304 - text/css 32.3762ms 
2025-03-05 11:01:08.6711 Info Request finished HTTP/2 GET https://localhost:7208/swagger/swagger-ui-standalone-preset.js - - - 304 - application/javascript 20.3585ms 
2025-03-05 11:01:08.6711 Info Request finished HTTP/2 GET https://localhost:7208/swagger/swagger-ui-bundle.js - - - 304 - application/javascript 10.2799ms 
2025-03-05 11:01:08.7696 Info Request finished HTTP/2 GET https://localhost:7208/_vs/browserLink - - - 200 - text/javascript;+charset=UTF-8 118.0036ms 
2025-03-05 11:01:08.8253 Info Request starting HTTP/2 GET https://localhost:7208/swagger/v1/swagger.json - - 
2025-03-05 11:01:08.8307 Info Request finished HTTP/2 GET https://localhost:7208/swagger/v1/swagger.json - - - 200 - application/json;charset=utf-8 5.4511ms 
2025-03-05 21:20:24.8573 Info Starting application... 
2025-03-05 21:20:25.7657 Info Now listening on: https://localhost:7208 
2025-03-05 21:20:25.7657 Info Now listening on: http://localhost:5254 
2025-03-05 21:20:25.8134 Info Application started. Press Ctrl+C to shut down. 
2025-03-05 21:20:25.8134 Info Hosting environment: Development 
2025-03-05 21:20:25.8134 Info Content root path: C:\Users\Prashant\Desktop\GreetingApp\GreetingApp\HelloGreetingApplication\ 
2025-03-05 21:20:26.4310 Info Request starting HTTP/2 GET https://localhost:7208/swagger/index.html - - 
2025-03-05 21:20:26.7382 Info Request finished HTTP/2 GET https://localhost:7208/swagger/index.html - - - 200 - text/html;charset=utf-8 309.3315ms 
2025-03-05 21:20:26.7810 Info Request starting HTTP/2 GET https://localhost:7208/_framework/aspnetcore-browser-refresh.js - - 
2025-03-05 21:20:26.7810 Info Request starting HTTP/2 GET https://localhost:7208/swagger/index.js - - 
2025-03-05 21:20:26.7810 Info Request finished HTTP/2 GET https://localhost:7208/_framework/aspnetcore-browser-refresh.js - - - 200 12380 application/javascript;+charset=utf-8 5.8700ms 
2025-03-05 21:20:26.7810 Info Request finished HTTP/2 GET https://localhost:7208/swagger/index.js - - - 200 - application/javascript;charset=utf-8 1.5322ms 
2025-03-05 21:20:26.8303 Info Request starting HTTP/2 GET https://localhost:7208/_vs/browserLink - - 
2025-03-05 21:20:26.9014 Info Request finished HTTP/2 GET https://localhost:7208/_vs/browserLink - - - 200 - text/javascript;+charset=UTF-8 71.1289ms 
2025-03-05 21:20:27.1586 Info Request starting HTTP/2 GET https://localhost:7208/swagger/v1/swagger.json - - 
2025-03-05 21:20:27.1642 Info Request finished HTTP/2 GET https://localhost:7208/swagger/v1/swagger.json - - - 200 - application/json;charset=utf-8 5.6612ms 
2025-03-05 21:20:56.8976 Info Request starting HTTP/2 GET https://localhost:7208/HelloGreeting?firstName=pb - - 
2025-03-05 21:20:56.9109 Info Executing endpoint 'HelloGreetingApplication.Controllers.HelloGreetingController.Get (HelloGreetingApplication)' 
2025-03-05 21:20:56.9634 Info Route matched with {action = "Get", controller = "HelloGreeting"}. Executing controller action with signature Microsoft.AspNetCore.Mvc.IActionResult Get(System.String, System.String) on controller HelloGreetingApplication.Controllers.HelloGreetingController (HelloGreetingApplication). 
2025-03-05 21:20:57.0410 Info GET request received 
2025-03-05 21:20:57.0410 Info Executing OkObjectResult, writing value of type 'ModelLayer.Model.ResponseModel`1[[System.String, System.Private.CoreLib, Version=6.0.0.0, Culture=neutral, PublicKeyToken=7cec85d7bea7798e]]'. 
2025-03-05 21:20:57.0933 Info Executed action HelloGreetingApplication.Controllers.HelloGreetingController.Get (HelloGreetingApplication) in 109.9362ms 
2025-03-05 21:20:57.0933 Info Executed endpoint 'HelloGreetingApplication.Controllers.HelloGreetingController.Get (HelloGreetingApplication)' 
2025-03-05 21:20:57.0933 Info Request finished HTTP/2 GET https://localhost:7208/HelloGreeting?firstName=pb - - - 200 - application/json;+charset=utf-8 196.0951ms 
2025-03-05 22:15:57.5422 Info Starting application... 
2025-03-05 22:15:57.6727 Error Application startup failed. Microsoft.Extensions.Hosting.HostFactoryResolver+HostingListener+StopTheHostException: Exception of type 'Microsoft.Extensions.Hosting.HostFactoryResolver+HostingListener+StopTheHostException' was thrown.
   at Microsoft.Extensions.Hosting.HostFactoryResolver.HostingListener.OnNext(KeyValuePair`2 value)
   at System.Diagnostics.DiagnosticListener.Write(String name, Object value)
   at Microsoft.Extensions.Hosting.HostBuilder.Build()
   at Microsoft.AspNetCore.Builder.WebApplicationBuilder.Build()
   at Program.<Main>$(String[] args) in C:\Users\Prashant\Desktop\GreetingApp\GreetingApp\HelloGreetingApplication\Program.cs:line 34
2025-03-05 22:16:10.3141 Info Starting application... 
2025-03-05 22:16:10.3869 Error Application startup failed. Microsoft.Extensions.Hosting.HostFactoryResolver+HostingListener+StopTheHostException: Exception of type 'Microsoft.Extensions.Hosting.HostFactoryResolver+HostingListener+StopTheHostException' was thrown.
   at Microsoft.Extensions.Hosting.HostFactoryResolver.HostingListener.OnNext(KeyValuePair`2 value)
   at System.Diagnostics.DiagnosticListener.Write(String name, Object value)
   at Microsoft.Extensions.Hosting.HostBuilder.Build()
   at Microsoft.AspNetCore.Builder.WebApplicationBuilder.Build()
   at Program.<Main>$(String[] args) in C:\Users\Prashant\Desktop\GreetingApp\GreetingApp\HelloGreetingApplication\Program.cs:line 34
2025-03-05 22:16:33.5986 Info Starting application... 
2025-03-05 22:16:33.6690 Error Application startup failed. Microsoft.Extensions.Hosting.HostFactoryResolver+HostingListener+StopTheHostException: Exception of type 'Microsoft.Extensions.Hosting.HostFactoryResolver+HostingListener+StopTheHostException' was thrown.
   at Microsoft.Extensions.Hosting.HostFactoryResolver.HostingListener.OnNext(KeyValuePair`2 value)
   at System.Diagnostics.DiagnosticListener.Write(String name, Object value)
   at Microsoft.Extensions.Hosting.HostBuilder.Build()
   at Microsoft.AspNetCore.Builder.WebApplicationBuilder.Build()
   at Program.<Main>$(String[] args) in C:\Users\Prashant\Desktop\GreetingApp\GreetingApp\HelloGreetingApplication\Program.cs:line 34
2025-03-05 22:16:50.9092 Info Starting application... 
2025-03-05 22:16:50.9797 Error Application startup failed. Microsoft.Extensions.Hosting.HostFactoryResolver+HostingListener+StopTheHostException: Exception of type 'Microsoft.Extensions.Hosting.HostFactoryResolver+HostingListener+StopTheHostException' was thrown.
   at Microsoft.Extensions.Hosting.HostFactoryResolver.HostingListener.OnNext(KeyValuePair`2 value)
   at System.Diagnostics.DiagnosticListener.Write(String name, Object value)
   at Microsoft.Extensions.Hosting.HostBuilder.Build()
   at Microsoft.AspNetCore.Builder.WebApplicationBuilder.Build()
   at Program.<Main>$(String[] args) in C:\Users\Prashant\Desktop\GreetingApp\GreetingApp\HelloGreetingApplication\Program.cs:line 34
2025-03-05 22:17:38.0219 Info Starting application... 
2025-03-05 22:17:38.9079 Info Now listening on: https://localhost:7208 
2025-03-05 22:17:38.9145 Info Now listening on: http://localhost:5254 
2025-03-05 22:17:38.9534 Info Application started. Press Ctrl+C to shut down. 
2025-03-05 22:17:38.9534 Info Hosting environment: Development 
2025-03-05 22:17:38.9534 Info Content root path: C:\Users\Prashant\Desktop\GreetingApp\GreetingApp\HelloGreetingApplication\ 
2025-03-05 22:17:39.3698 Info Request starting HTTP/2 GET https://localhost:7208/swagger/index.html - - 
2025-03-05 22:17:39.6835 Info Request finished HTTP/2 GET https://localhost:7208/swagger/index.html - - - 200 - text/html;charset=utf-8 314.5433ms 
2025-03-05 22:17:39.7103 Info Request starting HTTP/2 GET https://localhost:7208/_framework/aspnetcore-browser-refresh.js - - 
2025-03-05 22:17:39.7116 Info Request starting HTTP/2 GET https://localhost:7208/swagger/index.js - - 
2025-03-05 22:17:39.7116 Info Request starting HTTP/2 GET https://localhost:7208/_vs/browserLink - - 
2025-03-05 22:17:39.7116 Info Request finished HTTP/2 GET https://localhost:7208/_framework/aspnetcore-browser-refresh.js - - - 200 12380 application/javascript;+charset=utf-8 5.5164ms 
2025-03-05 22:17:39.7116 Info Request finished HTTP/2 GET https://localhost:7208/swagger/index.js - - - 200 - application/javascript;charset=utf-8 4.8581ms 
2025-03-05 22:17:39.7780 Info Request finished HTTP/2 GET https://localhost:7208/_vs/browserLink - - - 200 - text/javascript;+charset=UTF-8 62.4787ms 
2025-03-05 22:17:39.8200 Info Request starting HTTP/2 GET https://localhost:7208/swagger/v1/swagger.json - - 
2025-03-05 22:17:39.8271 Info Request finished HTTP/2 GET https://localhost:7208/swagger/v1/swagger.json - - - 200 - application/json;charset=utf-8 7.1575ms 
2025-03-05 22:18:15.0480 Info Request starting HTTP/2 POST https://localhost:7208/HelloGreeting application/json 65 
2025-03-05 22:18:15.0667 Info Executing endpoint 'HelloGreetingApplication.Controllers.HelloGreetingController.Post (HelloGreetingApplication)' 
2025-03-05 22:18:15.1074 Info Route matched with {action = "Post", controller = "HelloGreeting"}. Executing controller action with signature Microsoft.AspNetCore.Mvc.IActionResult Post(ModelLayer.Model.RequestModel) on controller HelloGreetingApplication.Controllers.HelloGreetingController (HelloGreetingApplication). 
2025-03-05 22:18:17.3230 Info Entity Framework Core 6.0.36 initialized 'GreetingContext' using provider 'Microsoft.EntityFrameworkCore.SqlServer:6.0.36' with options: None 
2025-03-05 22:18:19.1156 Info Executed DbCommand (126ms) [Parameters=[@p0='?' (Size = 4000)], CommandType='Text', CommandTimeout='30']
SET NOCOUNT ON;
INSERT INTO [GreetingMessages] ([Message])
VALUES (@p0);
SELECT [Id]
FROM [GreetingMessages]
WHERE @@ROWCOUNT = 1 AND [Id] = scope_identity(); 
2025-03-05 22:18:19.3225 Info POST request received and processed. 
2025-03-05 22:18:19.3225 Info Executing OkObjectResult, writing value of type 'ModelLayer.Model.ResponseModel`1[[System.String, System.Private.CoreLib, Version=6.0.0.0, Culture=neutral, PublicKeyToken=7cec85d7bea7798e]]'. 
2025-03-05 22:18:19.3442 Info Executed action HelloGreetingApplication.Controllers.HelloGreetingController.Post (HelloGreetingApplication) in 4229.6043ms 
2025-03-05 22:18:19.3442 Info Executed endpoint 'HelloGreetingApplication.Controllers.HelloGreetingController.Post (HelloGreetingApplication)' 
2025-03-05 22:18:19.3827 Info Request finished HTTP/2 POST https://localhost:7208/HelloGreeting application/json 65 - 200 - application/json;+charset=utf-8 4334.7147ms 
2025-03-05 22:18:48.1743 Info Request starting HTTP/2 POST https://localhost:7208/HelloGreeting application/json 63 
2025-03-05 22:18:48.1828 Info Executing endpoint 'HelloGreetingApplication.Controllers.HelloGreetingController.Post (HelloGreetingApplication)' 
2025-03-05 22:18:48.1828 Info Route matched with {action = "Post", controller = "HelloGreeting"}. Executing controller action with signature Microsoft.AspNetCore.Mvc.IActionResult Post(ModelLayer.Model.RequestModel) on controller HelloGreetingApplication.Controllers.HelloGreetingController (HelloGreetingApplication). 
2025-03-05 22:18:48.2788 Info Entity Framework Core 6.0.36 initialized 'GreetingContext' using provider 'Microsoft.EntityFrameworkCore.SqlServer:6.0.36' with options: None 
2025-03-05 22:18:48.2906 Info Executed DbCommand (4ms) [Parameters=[@p0='?' (Size = 4000)], CommandType='Text', CommandTimeout='30']
SET NOCOUNT ON;
INSERT INTO [GreetingMessages] ([Message])
VALUES (@p0);
SELECT [Id]
FROM [GreetingMessages]
WHERE @@ROWCOUNT = 1 AND [Id] = scope_identity(); 
2025-03-05 22:18:48.3699 Info POST request received and processed. 
2025-03-05 22:18:48.3699 Info Executing OkObjectResult, writing value of type 'ModelLayer.Model.ResponseModel`1[[System.String, System.Private.CoreLib, Version=6.0.0.0, Culture=neutral, PublicKeyToken=7cec85d7bea7798e]]'. 
2025-03-05 22:18:48.3699 Info Executed action HelloGreetingApplication.Controllers.HelloGreetingController.Post (HelloGreetingApplication) in 187.7582ms 
2025-03-05 22:18:48.3699 Info Executed endpoint 'HelloGreetingApplication.Controllers.HelloGreetingController.Post (HelloGreetingApplication)' 
2025-03-05 22:18:48.3699 Info Request finished HTTP/2 POST https://localhost:7208/HelloGreeting application/json 63 - 200 - application/json;+charset=utf-8 197.4120ms 
2025-03-05 22:19:12.8943 Info Request starting HTTP/2 GET https://localhost:7208/HelloGreeting/1 - - 
2025-03-05 22:19:12.8943 Info Executing endpoint 'HelloGreetingApplication.Controllers.HelloGreetingController.GetById (HelloGreetingApplication)' 
2025-03-05 22:19:12.9002 Info Route matched with {action = "GetById", controller = "HelloGreeting"}. Executing controller action with signature Microsoft.AspNetCore.Mvc.IActionResult GetById(Int32) on controller HelloGreetingApplication.Controllers.HelloGreetingController (HelloGreetingApplication). 
2025-03-05 22:19:13.0213 Info Entity Framework Core 6.0.36 initialized 'GreetingContext' using provider 'Microsoft.EntityFrameworkCore.SqlServer:6.0.36' with options: None 
2025-03-05 22:19:14.1742 Info Executed DbCommand (61ms) [Parameters=[@__id_0='?' (DbType = Int32)], CommandType='Text', CommandTimeout='30']
SELECT TOP(1) [g].[Id], [g].[Message]
FROM [GreetingMessages] AS [g]
WHERE [g].[Id] = @__id_0 
2025-03-05 22:19:14.1929 Info Executing OkObjectResult, writing value of type '<>f__AnonymousType1`2[[System.Boolean, System.Private.CoreLib, Version=6.0.0.0, Culture=neutral, PublicKeyToken=7cec85d7bea7798e],[System.String, System.Private.CoreLib, Version=6.0.0.0, Culture=neutral, PublicKeyToken=7cec85d7bea7798e]]'. 
2025-03-05 22:19:14.1953 Info Executed action HelloGreetingApplication.Controllers.HelloGreetingController.GetById (HelloGreetingApplication) in 1295.0085ms 
2025-03-05 22:19:14.1953 Info Executed endpoint 'HelloGreetingApplication.Controllers.HelloGreetingController.GetById (HelloGreetingApplication)' 
2025-03-05 22:19:14.1953 Info Request finished HTTP/2 GET https://localhost:7208/HelloGreeting/1 - - - 200 - application/json;+charset=utf-8 1301.3123ms 
2025-03-05 22:19:25.0501 Info Request starting HTTP/2 GET https://localhost:7208/HelloGreeting/2 - - 
2025-03-05 22:19:25.0501 Info Executing endpoint 'HelloGreetingApplication.Controllers.HelloGreetingController.GetById (HelloGreetingApplication)' 
2025-03-05 22:19:25.0501 Info Route matched with {action = "GetById", controller = "HelloGreeting"}. Executing controller action with signature Microsoft.AspNetCore.Mvc.IActionResult GetById(Int32) on controller HelloGreetingApplication.Controllers.HelloGreetingController (HelloGreetingApplication). 
2025-03-05 22:19:25.0501 Info Entity Framework Core 6.0.36 initialized 'GreetingContext' using provider 'Microsoft.EntityFrameworkCore.SqlServer:6.0.36' with options: None 
2025-03-05 22:19:25.0616 Info Executed DbCommand (1ms) [Parameters=[@__id_0='?' (DbType = Int32)], CommandType='Text', CommandTimeout='30']
SELECT TOP(1) [g].[Id], [g].[Message]
FROM [GreetingMessages] AS [g]
WHERE [g].[Id] = @__id_0 
2025-03-05 22:19:25.0616 Info Executing OkObjectResult, writing value of type '<>f__AnonymousType1`2[[System.Boolean, System.Private.CoreLib, Version=6.0.0.0, Culture=neutral, PublicKeyToken=7cec85d7bea7798e],[System.String, System.Private.CoreLib, Version=6.0.0.0, Culture=neutral, PublicKeyToken=7cec85d7bea7798e]]'. 
2025-03-05 22:19:25.0616 Info Executed action HelloGreetingApplication.Controllers.HelloGreetingController.GetById (HelloGreetingApplication) in 10.9774ms 
2025-03-05 22:19:25.0616 Info Executed endpoint 'HelloGreetingApplication.Controllers.HelloGreetingController.GetById (HelloGreetingApplication)' 
2025-03-05 22:19:25.0616 Info Request finished HTTP/2 GET https://localhost:7208/HelloGreeting/2 - - - 200 - application/json;+charset=utf-8 12.6133ms 
2025-03-05 22:19:31.3045 Info Request starting HTTP/2 GET https://localhost:7208/HelloGreeting/3 - - 
2025-03-05 22:19:31.3045 Info Executing endpoint 'HelloGreetingApplication.Controllers.HelloGreetingController.GetById (HelloGreetingApplication)' 
2025-03-05 22:19:31.3045 Info Route matched with {action = "GetById", controller = "HelloGreeting"}. Executing controller action with signature Microsoft.AspNetCore.Mvc.IActionResult GetById(Int32) on controller HelloGreetingApplication.Controllers.HelloGreetingController (HelloGreetingApplication). 
2025-03-05 22:19:31.3430 Info Entity Framework Core 6.0.36 initialized 'GreetingContext' using provider 'Microsoft.EntityFrameworkCore.SqlServer:6.0.36' with options: None 
2025-03-05 22:19:31.3430 Info Executed DbCommand (1ms) [Parameters=[@__id_0='?' (DbType = Int32)], CommandType='Text', CommandTimeout='30']
SELECT TOP(1) [g].[Id], [g].[Message]
FROM [GreetingMessages] AS [g]
WHERE [g].[Id] = @__id_0 
2025-03-05 22:19:31.3430 Info Executing NotFoundObjectResult, writing value of type '<>f__AnonymousType0`2[[System.Boolean, System.Private.CoreLib, Version=6.0.0.0, Culture=neutral, PublicKeyToken=7cec85d7bea7798e],[System.String, System.Private.CoreLib, Version=6.0.0.0, Culture=neutral, PublicKeyToken=7cec85d7bea7798e]]'. 
2025-03-05 22:19:31.3533 Info Executed action HelloGreetingApplication.Controllers.HelloGreetingController.GetById (HelloGreetingApplication) in 47.7484ms 
2025-03-05 22:19:31.3533 Info Executed endpoint 'HelloGreetingApplication.Controllers.HelloGreetingController.GetById (HelloGreetingApplication)' 
2025-03-05 22:19:31.3533 Info Request finished HTTP/2 GET https://localhost:7208/HelloGreeting/3 - - - 404 - application/json;+charset=utf-8 49.1602ms 
2025-03-05 22:19:38.4119 Info Request starting HTTP/2 GET https://localhost:7208/HelloGreeting/1 - - 
2025-03-05 22:19:38.4119 Info Executing endpoint 'HelloGreetingApplication.Controllers.HelloGreetingController.GetById (HelloGreetingApplication)' 
2025-03-05 22:19:38.4119 Info Route matched with {action = "GetById", controller = "HelloGreeting"}. Executing controller action with signature Microsoft.AspNetCore.Mvc.IActionResult GetById(Int32) on controller HelloGreetingApplication.Controllers.HelloGreetingController (HelloGreetingApplication). 
2025-03-05 22:19:38.4148 Info Entity Framework Core 6.0.36 initialized 'GreetingContext' using provider 'Microsoft.EntityFrameworkCore.SqlServer:6.0.36' with options: None 
2025-03-05 22:19:38.4148 Info Executed DbCommand (3ms) [Parameters=[@__id_0='?' (DbType = Int32)], CommandType='Text', CommandTimeout='30']
SELECT TOP(1) [g].[Id], [g].[Message]
FROM [GreetingMessages] AS [g]
WHERE [g].[Id] = @__id_0 
2025-03-05 22:19:38.4148 Info Executing OkObjectResult, writing value of type '<>f__AnonymousType1`2[[System.Boolean, System.Private.CoreLib, Version=6.0.0.0, Culture=neutral, PublicKeyToken=7cec85d7bea7798e],[System.String, System.Private.CoreLib, Version=6.0.0.0, Culture=neutral, PublicKeyToken=7cec85d7bea7798e]]'. 
2025-03-05 22:19:38.4148 Info Executed action HelloGreetingApplication.Controllers.HelloGreetingController.GetById (HelloGreetingApplication) in 4.4218ms 
2025-03-05 22:19:38.4148 Info Executed endpoint 'HelloGreetingApplication.Controllers.HelloGreetingController.GetById (HelloGreetingApplication)' 
2025-03-05 22:19:38.4148 Info Request finished HTTP/2 GET https://localhost:7208/HelloGreeting/1 - - - 200 - application/json;+charset=utf-8 6.4312ms 
2025-03-05 22:22:31.8339 Info Starting application... 
2025-03-05 22:22:32.7640 Info Now listening on: https://localhost:7208 
2025-03-05 22:22:32.7640 Info Now listening on: http://localhost:5254 
2025-03-05 22:22:32.8564 Info Application started. Press Ctrl+C to shut down. 
2025-03-05 22:22:32.8564 Info Hosting environment: Development 
2025-03-05 22:22:32.8564 Info Content root path: C:\Users\Prashant\Desktop\GreetingApp\GreetingApp\HelloGreetingApplication\ 
2025-03-05 22:22:33.1924 Info Request starting HTTP/2 GET https://localhost:7208/swagger/index.html - - 
2025-03-05 22:22:33.5391 Info Request finished HTTP/2 GET https://localhost:7208/swagger/index.html - - - 200 - text/html;charset=utf-8 350.5479ms 
2025-03-05 22:22:33.5529 Info Request starting HTTP/2 GET https://localhost:7208/_vs/browserLink - - 
2025-03-05 22:22:33.5529 Info Request starting HTTP/2 GET https://localhost:7208/_framework/aspnetcore-browser-refresh.js - - 
2025-03-05 22:22:33.5529 Info Request starting HTTP/2 GET https://localhost:7208/swagger/index.js - - 
2025-03-05 22:22:33.5553 Info Request finished HTTP/2 GET https://localhost:7208/swagger/index.js - - - 200 - application/javascript;charset=utf-8 1.6760ms 
2025-03-05 22:22:33.5553 Info Request finished HTTP/2 GET https://localhost:7208/_framework/aspnetcore-browser-refresh.js - - - 200 12380 application/javascript;+charset=utf-8 7.7850ms 
2025-03-05 22:22:33.6212 Info Request finished HTTP/2 GET https://localhost:7208/_vs/browserLink - - - 200 - text/javascript;+charset=UTF-8 68.2518ms 
2025-03-05 22:22:33.6617 Info Request starting HTTP/2 GET https://localhost:7208/swagger/v1/swagger.json - - 
2025-03-05 22:22:33.6672 Info Request finished HTTP/2 GET https://localhost:7208/swagger/v1/swagger.json - - - 200 - application/json;charset=utf-8 5.5201ms 
2025-03-05 22:28:34.8519 Info Starting application... 
2025-03-05 22:28:35.7605 Info Now listening on: https://localhost:7208 
2025-03-05 22:28:35.7605 Info Now listening on: http://localhost:5254 
2025-03-05 22:28:35.8151 Info Application started. Press Ctrl+C to shut down. 
2025-03-05 22:28:35.8151 Info Hosting environment: Development 
2025-03-05 22:28:35.8151 Info Content root path: C:\Users\Prashant\Desktop\GreetingApp\GreetingApp\HelloGreetingApplication\ 
2025-03-05 22:28:36.3580 Info Request starting HTTP/2 GET https://localhost:7208/swagger/index.html - - 
2025-03-05 22:28:36.6297 Info Request finished HTTP/2 GET https://localhost:7208/swagger/index.html - - - 200 - text/html;charset=utf-8 272.8597ms 
2025-03-05 22:28:36.6372 Info Request starting HTTP/2 GET https://localhost:7208/_framework/aspnetcore-browser-refresh.js - - 
2025-03-05 22:28:36.6583 Info Request starting HTTP/2 GET https://localhost:7208/swagger/index.js - - 
2025-03-05 22:28:36.6583 Info Request starting HTTP/2 GET https://localhost:7208/_vs/browserLink - - 
2025-03-05 22:28:36.6687 Info Request finished HTTP/2 GET https://localhost:7208/_framework/aspnetcore-browser-refresh.js - - - 200 12380 application/javascript;+charset=utf-8 31.4602ms 
2025-03-05 22:28:36.6687 Info Request finished HTTP/2 GET https://localhost:7208/swagger/index.js - - - 200 - application/javascript;charset=utf-8 10.9844ms 
2025-03-05 22:28:36.7421 Info Request finished HTTP/2 GET https://localhost:7208/_vs/browserLink - - - 200 - text/javascript;+charset=UTF-8 78.9097ms 
2025-03-05 22:28:36.7980 Info Request starting HTTP/2 GET https://localhost:7208/swagger/v1/swagger.json - - 
2025-03-05 22:28:36.7980 Info Request finished HTTP/2 GET https://localhost:7208/swagger/v1/swagger.json - - - 200 - application/json;charset=utf-8 5.7980ms 
2025-03-05 22:28:47.6225 Info Request starting HTTP/2 GET https://localhost:7208/HelloGreeting/1 - - 
2025-03-05 22:28:47.6362 Info Executing endpoint 'HelloGreetingApplication.Controllers.HelloGreetingController.GetById (HelloGreetingApplication)' 
2025-03-05 22:28:47.6765 Info Route matched with {action = "GetById", controller = "HelloGreeting"}. Executing controller action with signature Microsoft.AspNetCore.Mvc.IActionResult GetById(Int32) on controller HelloGreetingApplication.Controllers.HelloGreetingController (HelloGreetingApplication). 
2025-03-05 22:28:49.5874 Info Entity Framework Core 6.0.36 initialized 'GreetingContext' using provider 'Microsoft.EntityFrameworkCore.SqlServer:6.0.36' with options: None 
2025-03-05 22:28:51.8812 Info Executed DbCommand (171ms) [Parameters=[@__id_0='?' (DbType = Int32)], CommandType='Text', CommandTimeout='30']
SELECT TOP(1) [g].[Id], [g].[Message]
FROM [GreetingMessages] AS [g]
WHERE [g].[Id] = @__id_0 
2025-03-05 22:28:52.1194 Info Executing OkObjectResult, writing value of type '<>f__AnonymousType1`2[[System.Boolean, System.Private.CoreLib, Version=6.0.0.0, Culture=neutral, PublicKeyToken=7cec85d7bea7798e],[System.String, System.Private.CoreLib, Version=6.0.0.0, Culture=neutral, PublicKeyToken=7cec85d7bea7798e]]'. 
2025-03-05 22:28:52.1350 Info Executed action HelloGreetingApplication.Controllers.HelloGreetingController.GetById (HelloGreetingApplication) in 4447.5411ms 
2025-03-05 22:28:52.1350 Info Executed endpoint 'HelloGreetingApplication.Controllers.HelloGreetingController.GetById (HelloGreetingApplication)' 
2025-03-05 22:28:52.1527 Info Request finished HTTP/2 GET https://localhost:7208/HelloGreeting/1 - - - 200 - application/json;+charset=utf-8 4530.1473ms 
2025-03-05 22:35:55.4477 Info Starting application... 
2025-03-05 22:35:56.3111 Info Now listening on: https://localhost:7208 
2025-03-05 22:35:56.3111 Info Now listening on: http://localhost:5254 
2025-03-05 22:35:56.3503 Info Application started. Press Ctrl+C to shut down. 
2025-03-05 22:35:56.3503 Info Hosting environment: Development 
2025-03-05 22:35:56.3503 Info Content root path: C:\Users\Prashant\Desktop\GreetingApp\GreetingApp\HelloGreetingApplication\ 
2025-03-05 22:35:57.0374 Info Request starting HTTP/2 GET https://localhost:7208/swagger/index.html - - 
2025-03-05 22:35:57.3107 Info Request finished HTTP/2 GET https://localhost:7208/swagger/index.html - - - 200 - text/html;charset=utf-8 274.5902ms 
2025-03-05 22:35:57.3341 Info Request starting HTTP/2 GET https://localhost:7208/swagger/index.js - - 
2025-03-05 22:35:57.3341 Info Request starting HTTP/2 GET https://localhost:7208/_vs/browserLink - - 
2025-03-05 22:35:57.3341 Info Request finished HTTP/2 GET https://localhost:7208/swagger/index.js - - - 200 - application/javascript;charset=utf-8 1.8284ms 
2025-03-05 22:35:57.3363 Info Request starting HTTP/2 GET https://localhost:7208/_framework/aspnetcore-browser-refresh.js - - 
2025-03-05 22:35:57.3363 Info Request finished HTTP/2 GET https://localhost:7208/_framework/aspnetcore-browser-refresh.js - - - 200 12380 application/javascript;+charset=utf-8 5.2473ms 
2025-03-05 22:35:57.4024 Info Request finished HTTP/2 GET https://localhost:7208/_vs/browserLink - - - 200 - text/javascript;+charset=UTF-8 67.9025ms 
2025-03-05 22:35:57.5021 Info Request starting HTTP/2 GET https://localhost:7208/swagger/v1/swagger.json - - 
2025-03-05 22:35:57.5021 Info Request finished HTTP/2 GET https://localhost:7208/swagger/v1/swagger.json - - - 200 - application/json;charset=utf-8 5.2475ms 
2025-03-05 22:36:24.0766 Info Request starting HTTP/2 POST https://localhost:7208/HelloGreeting application/json 47 
2025-03-05 22:36:24.0890 Info Executing endpoint 'HelloGreetingApplication.Controllers.HelloGreetingController.Post (HelloGreetingApplication)' 
2025-03-05 22:36:24.1196 Info Route matched with {action = "Post", controller = "HelloGreeting"}. Executing controller action with signature Microsoft.AspNetCore.Mvc.IActionResult Post(ModelLayer.Model.RequestModel) on controller HelloGreetingApplication.Controllers.HelloGreetingController (HelloGreetingApplication). 
2025-03-05 22:36:25.9607 Info Entity Framework Core 6.0.36 initialized 'GreetingContext' using provider 'Microsoft.EntityFrameworkCore.SqlServer:6.0.36' with options: None 
2025-03-05 22:36:27.6102 Info Executed DbCommand (185ms) [Parameters=[@p0='?' (Size = 4000)], CommandType='Text', CommandTimeout='30']
SET NOCOUNT ON;
INSERT INTO [GreetingMessages] ([Message])
VALUES (@p0);
SELECT [Id]
FROM [GreetingMessages]
WHERE @@ROWCOUNT = 1 AND [Id] = scope_identity(); 
2025-03-05 22:36:27.8552 Info POST request received and processed. 
2025-03-05 22:36:27.8552 Info Executing OkObjectResult, writing value of type 'ModelLayer.Model.ResponseModel`1[[System.String, System.Private.CoreLib, Version=6.0.0.0, Culture=neutral, PublicKeyToken=7cec85d7bea7798e]]'. 
2025-03-05 22:36:27.8764 Info Executed action HelloGreetingApplication.Controllers.HelloGreetingController.Post (HelloGreetingApplication) in 3749.8835ms 
2025-03-05 22:36:27.8764 Info Executed endpoint 'HelloGreetingApplication.Controllers.HelloGreetingController.Post (HelloGreetingApplication)' 
2025-03-05 22:36:27.9245 Info Request finished HTTP/2 POST https://localhost:7208/HelloGreeting application/json 47 - 200 - application/json;+charset=utf-8 3847.8826ms 
2025-03-05 22:36:52.7848 Info Request starting HTTP/2 POST https://localhost:7208/HelloGreeting application/json 47 
2025-03-05 22:36:52.7987 Info Executing endpoint 'HelloGreetingApplication.Controllers.HelloGreetingController.Post (HelloGreetingApplication)' 
2025-03-05 22:36:52.8081 Info Route matched with {action = "Post", controller = "HelloGreeting"}. Executing controller action with signature Microsoft.AspNetCore.Mvc.IActionResult Post(ModelLayer.Model.RequestModel) on controller HelloGreetingApplication.Controllers.HelloGreetingController (HelloGreetingApplication). 
2025-03-05 22:36:52.9064 Info Entity Framework Core 6.0.36 initialized 'GreetingContext' using provider 'Microsoft.EntityFrameworkCore.SqlServer:6.0.36' with options: None 
2025-03-05 22:36:52.9159 Info Executed DbCommand (2ms) [Parameters=[@p0='?' (Size = 4000)], CommandType='Text', CommandTimeout='30']
SET NOCOUNT ON;
INSERT INTO [GreetingMessages] ([Message])
VALUES (@p0);
SELECT [Id]
FROM [GreetingMessages]
WHERE @@ROWCOUNT = 1 AND [Id] = scope_identity(); 
2025-03-05 22:36:52.9159 Info POST request received and processed. 
2025-03-05 22:36:52.9159 Info Executing OkObjectResult, writing value of type 'ModelLayer.Model.ResponseModel`1[[System.String, System.Private.CoreLib, Version=6.0.0.0, Culture=neutral, PublicKeyToken=7cec85d7bea7798e]]'. 
2025-03-05 22:36:52.9159 Info Executed action HelloGreetingApplication.Controllers.HelloGreetingController.Post (HelloGreetingApplication) in 112.2399ms 
2025-03-05 22:36:52.9159 Info Executed endpoint 'HelloGreetingApplication.Controllers.HelloGreetingController.Post (HelloGreetingApplication)' 
2025-03-05 22:36:52.9159 Info Request finished HTTP/2 POST https://localhost:7208/HelloGreeting application/json 47 - 200 - application/json;+charset=utf-8 135.9525ms 
2025-03-05 22:37:41.2148 Info Request starting HTTP/2 GET https://localhost:7208/HelloGreeting/1 - - 
2025-03-05 22:37:41.2148 Info Executing endpoint 'HelloGreetingApplication.Controllers.HelloGreetingController.GetById (HelloGreetingApplication)' 
2025-03-05 22:37:41.2148 Info Route matched with {action = "GetById", controller = "HelloGreeting"}. Executing controller action with signature Microsoft.AspNetCore.Mvc.IActionResult GetById(Int32) on controller HelloGreetingApplication.Controllers.HelloGreetingController (HelloGreetingApplication). 
2025-03-05 22:37:41.2779 Info Entity Framework Core 6.0.36 initialized 'GreetingContext' using provider 'Microsoft.EntityFrameworkCore.SqlServer:6.0.36' with options: None 
2025-03-05 22:37:42.2514 Info Executed DbCommand (6ms) [Parameters=[@__id_0='?' (DbType = Int32)], CommandType='Text', CommandTimeout='30']
SELECT TOP(1) [g].[Id], [g].[Message]
FROM [GreetingMessages] AS [g]
WHERE [g].[Id] = @__id_0 
2025-03-05 22:37:42.2653 Info Executing OkObjectResult, writing value of type '<>f__AnonymousType1`2[[System.Boolean, System.Private.CoreLib, Version=6.0.0.0, Culture=neutral, PublicKeyToken=7cec85d7bea7798e],[System.String, System.Private.CoreLib, Version=6.0.0.0, Culture=neutral, PublicKeyToken=7cec85d7bea7798e]]'. 
2025-03-05 22:37:42.2653 Info Executed action HelloGreetingApplication.Controllers.HelloGreetingController.GetById (HelloGreetingApplication) in 1046.0709ms 
2025-03-05 22:37:42.2653 Info Executed endpoint 'HelloGreetingApplication.Controllers.HelloGreetingController.GetById (HelloGreetingApplication)' 
2025-03-05 22:37:42.2653 Info Request finished HTTP/2 GET https://localhost:7208/HelloGreeting/1 - - - 200 - application/json;+charset=utf-8 1053.4891ms 
2025-03-05 22:37:48.7711 Info Request starting HTTP/2 GET https://localhost:7208/HelloGreeting/2 - - 
2025-03-05 22:37:48.7711 Info Executing endpoint 'HelloGreetingApplication.Controllers.HelloGreetingController.GetById (HelloGreetingApplication)' 
2025-03-05 22:37:48.7711 Info Route matched with {action = "GetById", controller = "HelloGreeting"}. Executing controller action with signature Microsoft.AspNetCore.Mvc.IActionResult GetById(Int32) on controller HelloGreetingApplication.Controllers.HelloGreetingController (HelloGreetingApplication). 
2025-03-05 22:37:48.7711 Info Entity Framework Core 6.0.36 initialized 'GreetingContext' using provider 'Microsoft.EntityFrameworkCore.SqlServer:6.0.36' with options: None 
2025-03-05 22:37:48.7898 Info Executed DbCommand (1ms) [Parameters=[@__id_0='?' (DbType = Int32)], CommandType='Text', CommandTimeout='30']
SELECT TOP(1) [g].[Id], [g].[Message]
FROM [GreetingMessages] AS [g]
WHERE [g].[Id] = @__id_0 
2025-03-05 22:37:48.7898 Info Executing OkObjectResult, writing value of type '<>f__AnonymousType1`2[[System.Boolean, System.Private.CoreLib, Version=6.0.0.0, Culture=neutral, PublicKeyToken=7cec85d7bea7798e],[System.String, System.Private.CoreLib, Version=6.0.0.0, Culture=neutral, PublicKeyToken=7cec85d7bea7798e]]'. 
2025-03-05 22:37:48.7898 Info Executed action HelloGreetingApplication.Controllers.HelloGreetingController.GetById (HelloGreetingApplication) in 18.8455ms 
2025-03-05 22:37:48.7898 Info Executed endpoint 'HelloGreetingApplication.Controllers.HelloGreetingController.GetById (HelloGreetingApplication)' 
2025-03-05 22:37:48.7898 Info Request finished HTTP/2 GET https://localhost:7208/HelloGreeting/2 - - - 200 - application/json;+charset=utf-8 20.6242ms 
2025-03-05 22:37:55.2404 Info Request starting HTTP/2 GET https://localhost:7208/HelloGreeting/3 - - 
2025-03-05 22:37:55.2537 Info Executing endpoint 'HelloGreetingApplication.Controllers.HelloGreetingController.GetById (HelloGreetingApplication)' 
2025-03-05 22:37:55.2626 Info Route matched with {action = "GetById", controller = "HelloGreeting"}. Executing controller action with signature Microsoft.AspNetCore.Mvc.IActionResult GetById(Int32) on controller HelloGreetingApplication.Controllers.HelloGreetingController (HelloGreetingApplication). 
2025-03-05 22:37:55.2626 Info Entity Framework Core 6.0.36 initialized 'GreetingContext' using provider 'Microsoft.EntityFrameworkCore.SqlServer:6.0.36' with options: None 
2025-03-05 22:37:55.2626 Info Executed DbCommand (1ms) [Parameters=[@__id_0='?' (DbType = Int32)], CommandType='Text', CommandTimeout='30']
SELECT TOP(1) [g].[Id], [g].[Message]
FROM [GreetingMessages] AS [g]
WHERE [g].[Id] = @__id_0 
2025-03-05 22:37:55.2626 Info Executing OkObjectResult, writing value of type '<>f__AnonymousType1`2[[System.Boolean, System.Private.CoreLib, Version=6.0.0.0, Culture=neutral, PublicKeyToken=7cec85d7bea7798e],[System.String, System.Private.CoreLib, Version=6.0.0.0, Culture=neutral, PublicKeyToken=7cec85d7bea7798e]]'. 
2025-03-05 22:37:55.2626 Info Executed action HelloGreetingApplication.Controllers.HelloGreetingController.GetById (HelloGreetingApplication) in 7.3712ms 
2025-03-05 22:37:55.2626 Info Executed endpoint 'HelloGreetingApplication.Controllers.HelloGreetingController.GetById (HelloGreetingApplication)' 
2025-03-05 22:37:55.2626 Info Request finished HTTP/2 GET https://localhost:7208/HelloGreeting/3 - - - 200 - application/json;+charset=utf-8 29.8897ms 
2025-03-05 22:38:01.0373 Info Request starting HTTP/2 GET https://localhost:7208/HelloGreeting/4 - - 
2025-03-05 22:38:01.0373 Info Executing endpoint 'HelloGreetingApplication.Controllers.HelloGreetingController.GetById (HelloGreetingApplication)' 
2025-03-05 22:38:01.0389 Info Route matched with {action = "GetById", controller = "HelloGreeting"}. Executing controller action with signature Microsoft.AspNetCore.Mvc.IActionResult GetById(Int32) on controller HelloGreetingApplication.Controllers.HelloGreetingController (HelloGreetingApplication). 
2025-03-05 22:38:01.0389 Info Entity Framework Core 6.0.36 initialized 'GreetingContext' using provider 'Microsoft.EntityFrameworkCore.SqlServer:6.0.36' with options: None 
2025-03-05 22:38:01.0389 Info Executed DbCommand (4ms) [Parameters=[@__id_0='?' (DbType = Int32)], CommandType='Text', CommandTimeout='30']
SELECT TOP(1) [g].[Id], [g].[Message]
FROM [GreetingMessages] AS [g]
WHERE [g].[Id] = @__id_0 
2025-03-05 22:38:01.0389 Info Executing OkObjectResult, writing value of type '<>f__AnonymousType1`2[[System.Boolean, System.Private.CoreLib, Version=6.0.0.0, Culture=neutral, PublicKeyToken=7cec85d7bea7798e],[System.String, System.Private.CoreLib, Version=6.0.0.0, Culture=neutral, PublicKeyToken=7cec85d7bea7798e]]'. 
2025-03-05 22:38:01.0389 Info Executed action HelloGreetingApplication.Controllers.HelloGreetingController.GetById (HelloGreetingApplication) in 6.5813ms 
2025-03-05 22:38:01.0389 Info Executed endpoint 'HelloGreetingApplication.Controllers.HelloGreetingController.GetById (HelloGreetingApplication)' 
2025-03-05 22:38:01.0389 Info Request finished HTTP/2 GET https://localhost:7208/HelloGreeting/4 - - - 200 - application/json;+charset=utf-8 8.5539ms 
2025-03-05 22:40:20.3192 Info Request starting HTTP/2 GET https://localhost:7208/HelloGreeting?firstName=pra&lastName=bg - - 
2025-03-05 22:40:20.3192 Info Executing endpoint 'HelloGreetingApplication.Controllers.HelloGreetingController.Get (HelloGreetingApplication)' 
2025-03-05 22:40:20.3280 Info Route matched with {action = "Get", controller = "HelloGreeting"}. Executing controller action with signature Microsoft.AspNetCore.Mvc.IActionResult Get(System.String, System.String) on controller HelloGreetingApplication.Controllers.HelloGreetingController (HelloGreetingApplication). 
2025-03-05 22:40:20.3514 Info GET request received 
2025-03-05 22:40:20.3514 Info Executing OkObjectResult, writing value of type 'ModelLayer.Model.ResponseModel`1[[System.String, System.Private.CoreLib, Version=6.0.0.0, Culture=neutral, PublicKeyToken=7cec85d7bea7798e]]'. 
2025-03-05 22:40:20.3514 Info Executed action HelloGreetingApplication.Controllers.HelloGreetingController.Get (HelloGreetingApplication) in 23.5905ms 
2025-03-05 22:40:20.3514 Info Executed endpoint 'HelloGreetingApplication.Controllers.HelloGreetingController.Get (HelloGreetingApplication)' 
2025-03-05 22:40:20.3514 Info Request finished HTTP/2 GET https://localhost:7208/HelloGreeting?firstName=pra&lastName=bg - - - 200 - application/json;+charset=utf-8 33.1458ms 
2025-03-05 22:40:28.2026 Info Request starting HTTP/2 GET https://localhost:7208/HelloGreeting?firstName=pra - - 
2025-03-05 22:40:28.2026 Info Executing endpoint 'HelloGreetingApplication.Controllers.HelloGreetingController.Get (HelloGreetingApplication)' 
2025-03-05 22:40:28.2026 Info Route matched with {action = "Get", controller = "HelloGreeting"}. Executing controller action with signature Microsoft.AspNetCore.Mvc.IActionResult Get(System.String, System.String) on controller HelloGreetingApplication.Controllers.HelloGreetingController (HelloGreetingApplication). 
2025-03-05 22:40:28.2158 Info GET request received 
2025-03-05 22:40:28.2158 Info Executing OkObjectResult, writing value of type 'ModelLayer.Model.ResponseModel`1[[System.String, System.Private.CoreLib, Version=6.0.0.0, Culture=neutral, PublicKeyToken=7cec85d7bea7798e]]'. 
2025-03-05 22:40:28.2158 Info Executed action HelloGreetingApplication.Controllers.HelloGreetingController.Get (HelloGreetingApplication) in 10.4446ms 
2025-03-05 22:40:28.2158 Info Executed endpoint 'HelloGreetingApplication.Controllers.HelloGreetingController.Get (HelloGreetingApplication)' 
2025-03-05 22:40:28.2158 Info Request finished HTTP/2 GET https://localhost:7208/HelloGreeting?firstName=pra - - - 200 - application/json;+charset=utf-8 16.7902ms 
2025-03-05 22:52:26.0899 Info Starting application... 
2025-03-05 22:52:27.0639 Info Now listening on: https://localhost:7208 
2025-03-05 22:52:27.0639 Info Now listening on: http://localhost:5254 
2025-03-05 22:52:27.1053 Info Application started. Press Ctrl+C to shut down. 
2025-03-05 22:52:27.1053 Info Hosting environment: Development 
2025-03-05 22:52:27.1053 Info Content root path: C:\Users\Prashant\Desktop\GreetingApp\GreetingApp\HelloGreetingApplication\ 
2025-03-05 22:52:27.7090 Info Request starting HTTP/2 GET https://localhost:7208/swagger/index.html - - 
2025-03-05 22:52:28.0568 Info Request finished HTTP/2 GET https://localhost:7208/swagger/index.html - - - 200 - text/html;charset=utf-8 351.6960ms 
2025-03-05 22:52:28.0792 Info Request starting HTTP/2 GET https://localhost:7208/swagger/index.js - - 
2025-03-05 22:52:28.0792 Info Request starting HTTP/2 GET https://localhost:7208/_framework/aspnetcore-browser-refresh.js - - 
2025-03-05 22:52:28.0906 Info Request finished HTTP/2 GET https://localhost:7208/swagger/index.js - - - 200 - application/javascript;charset=utf-8 11.4272ms 
2025-03-05 22:52:28.1142 Info Request starting HTTP/2 GET https://localhost:7208/_vs/browserLink - - 
2025-03-05 22:52:28.1142 Info Request finished HTTP/2 GET https://localhost:7208/_framework/aspnetcore-browser-refresh.js - - - 200 12380 application/javascript;+charset=utf-8 35.9649ms 
2025-03-05 22:52:28.1886 Info Request finished HTTP/2 GET https://localhost:7208/_vs/browserLink - - - 200 - text/javascript;+charset=UTF-8 74.4245ms 
2025-03-05 22:52:28.2286 Info Request starting HTTP/2 GET https://localhost:7208/swagger/v1/swagger.json - - 
2025-03-05 22:52:28.2286 Info Request finished HTTP/2 GET https://localhost:7208/swagger/v1/swagger.json - - - 200 - application/json;charset=utf-8 5.8685ms 
2025-03-05 22:52:59.5612 Info Request starting HTTP/2 GET https://localhost:7208/HelloGreeting/3 - - 
2025-03-05 22:52:59.5888 Info Executing endpoint 'HelloGreetingApplication.Controllers.HelloGreetingController.GetById (HelloGreetingApplication)' 
2025-03-05 22:52:59.6290 Info Route matched with {action = "GetById", controller = "HelloGreeting"}. Executing controller action with signature Microsoft.AspNetCore.Mvc.IActionResult GetById(Int32) on controller HelloGreetingApplication.Controllers.HelloGreetingController (HelloGreetingApplication). 
2025-03-05 22:53:01.5490 Info Entity Framework Core 6.0.36 initialized 'GreetingContext' using provider 'Microsoft.EntityFrameworkCore.SqlServer:6.0.36' with options: None 
2025-03-05 22:53:03.7889 Info Executed DbCommand (221ms) [Parameters=[@__id_0='?' (DbType = Int32)], CommandType='Text', CommandTimeout='30']
SELECT TOP(1) [g].[Id], [g].[Message]
FROM [GreetingMessages] AS [g]
WHERE [g].[Id] = @__id_0 
2025-03-05 22:53:03.9840 Info Executing OkObjectResult, writing value of type '<>f__AnonymousType1`2[[System.Boolean, System.Private.CoreLib, Version=6.0.0.0, Culture=neutral, PublicKeyToken=7cec85d7bea7798e],[System.String, System.Private.CoreLib, Version=6.0.0.0, Culture=neutral, PublicKeyToken=7cec85d7bea7798e]]'. 
2025-03-05 22:53:03.9969 Info Executed action HelloGreetingApplication.Controllers.HelloGreetingController.GetById (HelloGreetingApplication) in 4359.2787ms 
2025-03-05 22:53:03.9969 Info Executed endpoint 'HelloGreetingApplication.Controllers.HelloGreetingController.GetById (HelloGreetingApplication)' 
2025-03-05 22:53:04.0352 Info Request finished HTTP/2 GET https://localhost:7208/HelloGreeting/3 - - - 200 - application/json;+charset=utf-8 4481.9059ms 
2025-03-06 10:14:48.9513 Info Starting application... 
2025-03-06 10:14:50.1564 Info Now listening on: https://localhost:7208 
2025-03-06 10:14:50.1564 Info Now listening on: http://localhost:5254 
2025-03-06 10:14:50.2134 Info Application started. Press Ctrl+C to shut down. 
2025-03-06 10:14:50.2134 Info Hosting environment: Development 
2025-03-06 10:14:50.2134 Info Content root path: C:\Users\Prashant\Desktop\GreetingApp\GreetingApp\HelloGreetingApplication\ 
2025-03-06 10:14:50.6678 Info Request starting HTTP/2 GET https://localhost:7208/swagger/index.html - - 
2025-03-06 10:14:51.0232 Info Request finished HTTP/2 GET https://localhost:7208/swagger/index.html - - - 200 - text/html;charset=utf-8 357.7123ms 
2025-03-06 10:14:51.0232 Info Request starting HTTP/2 GET https://localhost:7208/swagger/swagger-ui-standalone-preset.js - - 
2025-03-06 10:14:51.0232 Info Request starting HTTP/2 GET https://localhost:7208/swagger/index.css - - 
2025-03-06 10:14:51.0232 Info Request starting HTTP/2 GET https://localhost:7208/swagger/swagger-ui-bundle.js - - 
2025-03-06 10:14:51.0232 Info Request starting HTTP/2 GET https://localhost:7208/_vs/browserLink - - 
2025-03-06 10:14:51.0232 Info Request starting HTTP/2 GET https://localhost:7208/_framework/aspnetcore-browser-refresh.js - - 
2025-03-06 10:14:51.0232 Info Request starting HTTP/2 GET https://localhost:7208/swagger/index.js - - 
2025-03-06 10:14:51.0232 Info Request starting HTTP/2 GET https://localhost:7208/swagger/swagger-ui.css - - 
2025-03-06 10:14:51.0232 Info Request finished HTTP/2 GET https://localhost:7208/swagger/index.js - - - 200 - application/javascript;charset=utf-8 7.4592ms 
2025-03-06 10:14:51.0429 Info The file /swagger-ui-standalone-preset.js was not modified 
2025-03-06 10:14:51.0429 Info The file /swagger-ui.css was not modified 
2025-03-06 10:14:51.0429 Info The file /swagger-ui-bundle.js was not modified 
2025-03-06 10:14:51.0429 Info Request finished HTTP/2 GET https://localhost:7208/_framework/aspnetcore-browser-refresh.js - - - 200 12380 application/javascript;+charset=utf-8 14.1886ms 
2025-03-06 10:14:51.0429 Info The file /index.css was not modified 
2025-03-06 10:14:51.0429 Info Request finished HTTP/2 GET https://localhost:7208/swagger/index.css - - - 304 - text/css 14.8160ms 
2025-03-06 10:14:51.0429 Info Request finished HTTP/2 GET https://localhost:7208/swagger/swagger-ui-standalone-preset.js - - - 304 - application/javascript 14.8401ms 
2025-03-06 10:14:51.0429 Info Request finished HTTP/2 GET https://localhost:7208/swagger/swagger-ui.css - - - 304 - text/css 14.5657ms 
2025-03-06 10:14:51.0429 Info Request finished HTTP/2 GET https://localhost:7208/swagger/swagger-ui-bundle.js - - - 304 - application/javascript 14.9640ms 
2025-03-06 10:14:51.1275 Info Request finished HTTP/2 GET https://localhost:7208/_vs/browserLink - - - 200 - text/javascript;+charset=UTF-8 98.7943ms 
2025-03-06 10:14:51.1803 Info Request starting HTTP/2 GET https://localhost:7208/swagger/v1/swagger.json - - 
2025-03-06 10:14:51.1803 Info Request finished HTTP/2 GET https://localhost:7208/swagger/v1/swagger.json - - - 200 - application/json;charset=utf-8 6.4701ms 
2025-03-06 10:14:59.3742 Info Request starting HTTP/2 GET https://localhost:7208/HelloGreeting/all - - 
2025-03-06 10:14:59.3833 Info Executing endpoint 'HelloGreetingApplication.Controllers.HelloGreetingController.GetAll (HelloGreetingApplication)' 
2025-03-06 10:14:59.4025 Info Route matched with {action = "GetAll", controller = "HelloGreeting"}. Executing controller action with signature Microsoft.AspNetCore.Mvc.IActionResult GetAll() on controller HelloGreetingApplication.Controllers.HelloGreetingController (HelloGreetingApplication). 
2025-03-06 10:15:01.5213 Info Entity Framework Core 6.0.36 initialized 'GreetingContext' using provider 'Microsoft.EntityFrameworkCore.SqlServer:6.0.36' with options: None 
2025-03-06 10:15:03.3265 Info Executed DbCommand (90ms) [Parameters=[], CommandType='Text', CommandTimeout='30']
SELECT [g].[Id], [g].[Message]
FROM [GreetingMessages] AS [g] 
2025-03-06 10:15:03.5229 Info Executing OkObjectResult, writing value of type '<>f__AnonymousType1`2[[System.Boolean, System.Private.CoreLib, Version=6.0.0.0, Culture=neutral, PublicKeyToken=7cec85d7bea7798e],[System.Collections.Generic.List`1[[ModelLayer.Model.Entities.Greeting, ModelLayer, Version=1.0.0.0, Culture=neutral, PublicKeyToken=null]], System.Private.CoreLib, Version=6.0.0.0, Culture=neutral, PublicKeyToken=7cec85d7bea7798e]]'. 
2025-03-06 10:15:03.5369 Info Executed action HelloGreetingApplication.Controllers.HelloGreetingController.GetAll (HelloGreetingApplication) in 4125.9986ms 
2025-03-06 10:15:03.5369 Info Executed endpoint 'HelloGreetingApplication.Controllers.HelloGreetingController.GetAll (HelloGreetingApplication)' 
2025-03-06 10:15:03.5520 Info Request finished HTTP/2 GET https://localhost:7208/HelloGreeting/all - - - 200 - application/json;+charset=utf-8 4177.7714ms 
2025-03-06 10:30:51.7392 Info Starting application... 
2025-03-06 10:30:52.6807 Info Now listening on: https://localhost:7208 
2025-03-06 10:30:52.6958 Info Now listening on: http://localhost:5254 
2025-03-06 10:30:52.8210 Info Application started. Press Ctrl+C to shut down. 
2025-03-06 10:30:52.8210 Info Hosting environment: Development 
2025-03-06 10:30:52.8210 Info Content root path: C:\Users\Prashant\Desktop\GreetingApp\GreetingApp\HelloGreetingApplication\ 
2025-03-06 10:30:53.5016 Info Request starting HTTP/2 GET https://localhost:7208/swagger/index.html - - 
2025-03-06 10:30:53.9037 Info Request finished HTTP/2 GET https://localhost:7208/swagger/index.html - - - 200 - text/html;charset=utf-8 404.8372ms 
2025-03-06 10:30:53.9037 Info Request starting HTTP/2 GET https://localhost:7208/_framework/aspnetcore-browser-refresh.js - - 
2025-03-06 10:30:53.9037 Info Request starting HTTP/2 GET https://localhost:7208/swagger/index.js - - 
2025-03-06 10:30:53.9037 Info Request finished HTTP/2 GET https://localhost:7208/swagger/index.js - - - 200 - application/javascript;charset=utf-8 3.9157ms 
2025-03-06 10:30:53.9290 Info Request starting HTTP/2 GET https://localhost:7208/_vs/browserLink - - 
2025-03-06 10:30:53.9319 Info Request finished HTTP/2 GET https://localhost:7208/_framework/aspnetcore-browser-refresh.js - - - 200 12380 application/javascript;+charset=utf-8 23.9885ms 
2025-03-06 10:30:54.1509 Info Request finished HTTP/2 GET https://localhost:7208/_vs/browserLink - - - 200 - text/javascript;+charset=UTF-8 221.8010ms 
2025-03-06 10:30:54.2152 Info Request starting HTTP/2 GET https://localhost:7208/swagger/v1/swagger.json - - 
2025-03-06 10:30:54.2152 Info Request finished HTTP/2 GET https://localhost:7208/swagger/v1/swagger.json - - - 200 - application/json;charset=utf-8 9.8459ms 
2025-03-06 10:33:28.4491 Info Starting application... 
2025-03-06 10:33:29.2293 Info Now listening on: https://localhost:7208 
2025-03-06 10:33:29.2293 Info Now listening on: http://localhost:5254 
2025-03-06 10:33:29.2666 Info Application started. Press Ctrl+C to shut down. 
2025-03-06 10:33:29.2666 Info Hosting environment: Development 
2025-03-06 10:33:29.2666 Info Content root path: C:\Users\Prashant\Desktop\GreetingApp\GreetingApp\HelloGreetingApplication\ 
2025-03-06 10:33:30.0466 Info Request starting HTTP/2 GET https://localhost:7208/swagger/index.html - - 
2025-03-06 10:33:30.3553 Info Request finished HTTP/2 GET https://localhost:7208/swagger/index.html - - - 200 - text/html;charset=utf-8 312.5482ms 
2025-03-06 10:33:30.3553 Info Request starting HTTP/2 GET https://localhost:7208/_vs/browserLink - - 
2025-03-06 10:33:30.3553 Info Request starting HTTP/2 GET https://localhost:7208/swagger/index.js - - 
2025-03-06 10:33:30.3553 Info Request starting HTTP/2 GET https://localhost:7208/_framework/aspnetcore-browser-refresh.js - - 
2025-03-06 10:33:30.3553 Info Request finished HTTP/2 GET https://localhost:7208/swagger/index.js - - - 200 - application/javascript;charset=utf-8 1.4978ms 
2025-03-06 10:33:30.3815 Info Request finished HTTP/2 GET https://localhost:7208/_framework/aspnetcore-browser-refresh.js - - - 200 12380 application/javascript;+charset=utf-8 18.9116ms 
2025-03-06 10:33:30.4521 Info Request finished HTTP/2 GET https://localhost:7208/_vs/browserLink - - - 200 - text/javascript;+charset=UTF-8 90.8654ms 
2025-03-06 10:33:30.6784 Info Request starting HTTP/2 GET https://localhost:7208/swagger/v1/swagger.json - - 
2025-03-06 10:33:30.6830 Info Request finished HTTP/2 GET https://localhost:7208/swagger/v1/swagger.json - - - 200 - application/json;charset=utf-8 4.5911ms 
2025-03-06 10:33:56.8173 Info Request starting HTTP/2 PUT https://localhost:7208/HelloGreeting/1 application/json 37 
2025-03-06 10:33:56.8251 Info Executing endpoint 'HelloGreetingApplication.Controllers.HelloGreetingController.EditGreeting (HelloGreetingApplication)' 
2025-03-06 10:33:56.9361 Info Route matched with {action = "EditGreeting", controller = "HelloGreeting"}. Executing controller action with signature Microsoft.AspNetCore.Mvc.IActionResult EditGreeting(Int32, ModelLayer.Model.RequestModel) on controller HelloGreetingApplication.Controllers.HelloGreetingController (HelloGreetingApplication). 
2025-03-06 10:33:58.9489 Info Entity Framework Core 6.0.36 initialized 'GreetingContext' using provider 'Microsoft.EntityFrameworkCore.SqlServer:6.0.36' with options: None 
2025-03-06 10:34:01.4156 Info Executed DbCommand (206ms) [Parameters=[@__id_0='?' (DbType = Int32)], CommandType='Text', CommandTimeout='30']
SELECT TOP(1) [g].[Id], [g].[Message]
FROM [GreetingMessages] AS [g]
WHERE [g].[Id] = @__id_0 
2025-03-06 10:34:01.9735 Info Executed DbCommand (66ms) [Parameters=[@p1='?' (DbType = Int32), @p0='?' (Size = 4000)], CommandType='Text', CommandTimeout='30']
SET NOCOUNT ON;
UPDATE [GreetingMessages] SET [Message] = @p0
WHERE [Id] = @p1;
SELECT @@ROWCOUNT; 
2025-03-06 10:34:02.0362 Info Executing NotFoundObjectResult, writing value of type '<>f__AnonymousType0`2[[System.Boolean, System.Private.CoreLib, Version=6.0.0.0, Culture=neutral, PublicKeyToken=7cec85d7bea7798e],[System.String, System.Private.CoreLib, Version=6.0.0.0, Culture=neutral, PublicKeyToken=7cec85d7bea7798e]]'. 
2025-03-06 10:34:02.0497 Info Executed action HelloGreetingApplication.Controllers.HelloGreetingController.EditGreeting (HelloGreetingApplication) in 5105.8238ms 
2025-03-06 10:34:02.0497 Info Executed endpoint 'HelloGreetingApplication.Controllers.HelloGreetingController.EditGreeting (HelloGreetingApplication)' 
2025-03-06 10:34:02.0763 Info Request finished HTTP/2 PUT https://localhost:7208/HelloGreeting/1 application/json 37 - 404 - application/json;+charset=utf-8 5259.0160ms 
2025-03-06 10:35:26.2554 Info Request starting HTTP/2 GET https://localhost:7208/HelloGreeting/all - - 
2025-03-06 10:35:26.2585 Info Executing endpoint 'HelloGreetingApplication.Controllers.HelloGreetingController.GetAll (HelloGreetingApplication)' 
2025-03-06 10:35:26.2585 Info Route matched with {action = "GetAll", controller = "HelloGreeting"}. Executing controller action with signature Microsoft.AspNetCore.Mvc.IActionResult GetAll() on controller HelloGreetingApplication.Controllers.HelloGreetingController (HelloGreetingApplication). 
2025-03-06 10:35:26.3618 Info Entity Framework Core 6.0.36 initialized 'GreetingContext' using provider 'Microsoft.EntityFrameworkCore.SqlServer:6.0.36' with options: None 
2025-03-06 10:35:26.4603 Info Executed DbCommand (90ms) [Parameters=[], CommandType='Text', CommandTimeout='30']
SELECT [g].[Id], [g].[Message]
FROM [GreetingMessages] AS [g] 
2025-03-06 10:35:26.4619 Info Executing OkObjectResult, writing value of type '<>f__AnonymousType1`2[[System.Boolean, System.Private.CoreLib, Version=6.0.0.0, Culture=neutral, PublicKeyToken=7cec85d7bea7798e],[System.Collections.Generic.List`1[[ModelLayer.Model.Entities.Greeting, ModelLayer, Version=1.0.0.0, Culture=neutral, PublicKeyToken=null]], System.Private.CoreLib, Version=6.0.0.0, Culture=neutral, PublicKeyToken=7cec85d7bea7798e]]'. 
2025-03-06 10:35:26.4619 Info Executed action HelloGreetingApplication.Controllers.HelloGreetingController.GetAll (HelloGreetingApplication) in 199.7591ms 
2025-03-06 10:35:26.4619 Info Executed endpoint 'HelloGreetingApplication.Controllers.HelloGreetingController.GetAll (HelloGreetingApplication)' 
2025-03-06 10:35:26.4619 Info Request finished HTTP/2 GET https://localhost:7208/HelloGreeting/all - - - 200 - application/json;+charset=utf-8 210.2603ms 
2025-03-06 10:36:38.8700 Info Request starting HTTP/2 PUT https://localhost:7208/HelloGreeting/2 application/json 36 
2025-03-06 10:36:38.8700 Info Executing endpoint 'HelloGreetingApplication.Controllers.HelloGreetingController.EditGreeting (HelloGreetingApplication)' 
2025-03-06 10:36:38.8700 Info Route matched with {action = "EditGreeting", controller = "HelloGreeting"}. Executing controller action with signature Microsoft.AspNetCore.Mvc.IActionResult EditGreeting(Int32, ModelLayer.Model.RequestModel) on controller HelloGreetingApplication.Controllers.HelloGreetingController (HelloGreetingApplication). 
2025-03-06 10:36:38.9646 Info Entity Framework Core 6.0.36 initialized 'GreetingContext' using provider 'Microsoft.EntityFrameworkCore.SqlServer:6.0.36' with options: None 
2025-03-06 10:36:39.0175 Info Executed DbCommand (45ms) [Parameters=[@__id_0='?' (DbType = Int32)], CommandType='Text', CommandTimeout='30']
SELECT TOP(1) [g].[Id], [g].[Message]
FROM [GreetingMessages] AS [g]
WHERE [g].[Id] = @__id_0 
2025-03-06 10:36:39.0175 Info Executed DbCommand (2ms) [Parameters=[@p1='?' (DbType = Int32), @p0='?' (Size = 4000)], CommandType='Text', CommandTimeout='30']
SET NOCOUNT ON;
UPDATE [GreetingMessages] SET [Message] = @p0
WHERE [Id] = @p1;
SELECT @@ROWCOUNT; 
2025-03-06 10:36:39.0175 Info Executing NotFoundObjectResult, writing value of type '<>f__AnonymousType0`2[[System.Boolean, System.Private.CoreLib, Version=6.0.0.0, Culture=neutral, PublicKeyToken=7cec85d7bea7798e],[System.String, System.Private.CoreLib, Version=6.0.0.0, Culture=neutral, PublicKeyToken=7cec85d7bea7798e]]'. 
2025-03-06 10:36:39.0175 Info Executed action HelloGreetingApplication.Controllers.HelloGreetingController.EditGreeting (HelloGreetingApplication) in 150.6991ms 
2025-03-06 10:36:39.0175 Info Executed endpoint 'HelloGreetingApplication.Controllers.HelloGreetingController.EditGreeting (HelloGreetingApplication)' 
2025-03-06 10:36:39.0175 Info Request finished HTTP/2 PUT https://localhost:7208/HelloGreeting/2 application/json 36 - 404 - application/json;+charset=utf-8 152.6489ms 
2025-03-06 10:36:59.9439 Info Request starting HTTP/2 GET https://localhost:7208/HelloGreeting/all - - 
2025-03-06 10:36:59.9463 Info Executing endpoint 'HelloGreetingApplication.Controllers.HelloGreetingController.GetAll (HelloGreetingApplication)' 
2025-03-06 10:36:59.9463 Info Route matched with {action = "GetAll", controller = "HelloGreeting"}. Executing controller action with signature Microsoft.AspNetCore.Mvc.IActionResult GetAll() on controller HelloGreetingApplication.Controllers.HelloGreetingController (HelloGreetingApplication). 
2025-03-06 10:36:59.9615 Info Entity Framework Core 6.0.36 initialized 'GreetingContext' using provider 'Microsoft.EntityFrameworkCore.SqlServer:6.0.36' with options: None 
2025-03-06 10:37:00.0350 Info Executed DbCommand (20ms) [Parameters=[], CommandType='Text', CommandTimeout='30']
SELECT [g].[Id], [g].[Message]
FROM [GreetingMessages] AS [g] 
2025-03-06 10:37:00.0350 Info Executing OkObjectResult, writing value of type '<>f__AnonymousType1`2[[System.Boolean, System.Private.CoreLib, Version=6.0.0.0, Culture=neutral, PublicKeyToken=7cec85d7bea7798e],[System.Collections.Generic.List`1[[ModelLayer.Model.Entities.Greeting, ModelLayer, Version=1.0.0.0, Culture=neutral, PublicKeyToken=null]], System.Private.CoreLib, Version=6.0.0.0, Culture=neutral, PublicKeyToken=7cec85d7bea7798e]]'. 
2025-03-06 10:37:00.0350 Info Executed action HelloGreetingApplication.Controllers.HelloGreetingController.GetAll (HelloGreetingApplication) in 89.1205ms 
2025-03-06 10:37:00.0350 Info Executed endpoint 'HelloGreetingApplication.Controllers.HelloGreetingController.GetAll (HelloGreetingApplication)' 
2025-03-06 10:37:00.0350 Info Request finished HTTP/2 GET https://localhost:7208/HelloGreeting/all - - - 200 - application/json;+charset=utf-8 92.0004ms 
2025-03-06 10:41:53.0563 Info Starting application... 
2025-03-06 10:41:53.9488 Info Now listening on: https://localhost:7208 
2025-03-06 10:41:53.9488 Info Now listening on: http://localhost:5254 
2025-03-06 10:41:54.0023 Info Application started. Press Ctrl+C to shut down. 
2025-03-06 10:41:54.0023 Info Hosting environment: Development 
2025-03-06 10:41:54.0023 Info Content root path: C:\Users\Prashant\Desktop\GreetingApp\GreetingApp\HelloGreetingApplication\ 
2025-03-06 10:41:54.5461 Info Request starting HTTP/2 GET https://localhost:7208/swagger/index.html - - 
2025-03-06 10:41:54.8194 Info Request starting HTTP/2 GET https://localhost:7208/swagger/index.js - - 
2025-03-06 10:41:54.8194 Info Request starting HTTP/2 GET https://localhost:7208/_vs/browserLink - - 
2025-03-06 10:41:54.8194 Info Request finished HTTP/2 GET https://localhost:7208/swagger/index.html - - - 200 - text/html;charset=utf-8 269.8639ms 
2025-03-06 10:41:54.8219 Info Request finished HTTP/2 GET https://localhost:7208/swagger/index.js - - - 200 - application/javascript;charset=utf-8 2.4590ms 
2025-03-06 10:41:54.8219 Info Request starting HTTP/2 GET https://localhost:7208/_framework/aspnetcore-browser-refresh.js - - 
2025-03-06 10:41:54.8419 Info Request finished HTTP/2 GET https://localhost:7208/_framework/aspnetcore-browser-refresh.js - - - 200 12380 application/javascript;+charset=utf-8 8.4910ms 
2025-03-06 10:41:54.8983 Info Request finished HTTP/2 GET https://localhost:7208/_vs/browserLink - - - 200 - text/javascript;+charset=UTF-8 78.4219ms 
2025-03-06 10:41:55.1676 Info Request starting HTTP/2 GET https://localhost:7208/swagger/v1/swagger.json - - 
2025-03-06 10:41:55.1676 Info Request finished HTTP/2 GET https://localhost:7208/swagger/v1/swagger.json - - - 200 - application/json;charset=utf-8 6.8481ms 
2025-03-06 10:42:22.1194 Info Request starting HTTP/2 PUT https://localhost:7208/HelloGreeting/2 application/json 35 
2025-03-06 10:42:22.1194 Info Executing endpoint 'HelloGreetingApplication.Controllers.HelloGreetingController.EditGreeting (HelloGreetingApplication)' 
2025-03-06 10:42:22.1836 Info Route matched with {action = "EditGreeting", controller = "HelloGreeting"}. Executing controller action with signature Microsoft.AspNetCore.Mvc.IActionResult EditGreeting(Int32, ModelLayer.Model.Entities.Greeting) on controller HelloGreetingApplication.Controllers.HelloGreetingController (HelloGreetingApplication). 
2025-03-06 10:42:24.0621 Info Entity Framework Core 6.0.36 initialized 'GreetingContext' using provider 'Microsoft.EntityFrameworkCore.SqlServer:6.0.36' with options: None 
2025-03-06 10:42:26.2291 Info Executed DbCommand (219ms) [Parameters=[@__id_0='?' (DbType = Int32)], CommandType='Text', CommandTimeout='30']
SELECT TOP(1) [g].[Id], [g].[Message]
FROM [GreetingMessages] AS [g]
WHERE [g].[Id] = @__id_0 
2025-03-06 10:42:26.7000 Info Executed DbCommand (57ms) [Parameters=[@p1='?' (DbType = Int32), @p0='?' (Size = 4000)], CommandType='Text', CommandTimeout='30']
SET NOCOUNT ON;
UPDATE [GreetingMessages] SET [Message] = @p0
WHERE [Id] = @p1;
SELECT @@ROWCOUNT; 
2025-03-06 10:42:26.7650 Info Executing OkObjectResult, writing value of type '<>f__AnonymousType0`2[[System.Boolean, System.Private.CoreLib, Version=6.0.0.0, Culture=neutral, PublicKeyToken=7cec85d7bea7798e],[System.String, System.Private.CoreLib, Version=6.0.0.0, Culture=neutral, PublicKeyToken=7cec85d7bea7798e]]'. 
2025-03-06 10:42:26.7763 Info Executed action HelloGreetingApplication.Controllers.HelloGreetingController.EditGreeting (HelloGreetingApplication) in 4584.7417ms 
2025-03-06 10:42:26.7763 Info Executed endpoint 'HelloGreetingApplication.Controllers.HelloGreetingController.EditGreeting (HelloGreetingApplication)' 
2025-03-06 10:42:26.8069 Info Request finished HTTP/2 PUT https://localhost:7208/HelloGreeting/2 application/json 35 - 200 - application/json;+charset=utf-8 4687.7590ms 
2025-03-06 11:09:16.5392 Info Starting application... 
2025-03-06 11:09:17.3442 Info Now listening on: https://localhost:7208 
2025-03-06 11:09:17.3442 Info Now listening on: http://localhost:5254 
2025-03-06 11:09:17.4259 Info Application started. Press Ctrl+C to shut down. 
2025-03-06 11:09:17.4259 Info Hosting environment: Development 
2025-03-06 11:09:17.4259 Info Content root path: C:\Users\Prashant\Desktop\GreetingApp\GreetingApp\HelloGreetingApplication\ 
2025-03-06 11:09:18.0591 Info Request starting HTTP/2 GET https://localhost:7208/swagger/index.html - - 
2025-03-06 11:09:18.3464 Info Request finished HTTP/2 GET https://localhost:7208/swagger/index.html - - - 200 - text/html;charset=utf-8 288.3357ms 
2025-03-06 11:09:18.3668 Info Request starting HTTP/2 GET https://localhost:7208/_framework/aspnetcore-browser-refresh.js - - 
2025-03-06 11:09:18.3668 Info Request starting HTTP/2 GET https://localhost:7208/swagger/index.js - - 
2025-03-06 11:09:18.3677 Info Request starting HTTP/2 GET https://localhost:7208/_vs/browserLink - - 
2025-03-06 11:09:18.3677 Info Request finished HTTP/2 GET https://localhost:7208/swagger/index.js - - - 200 - application/javascript;charset=utf-8 2.0781ms 
2025-03-06 11:09:18.3677 Info Request finished HTTP/2 GET https://localhost:7208/_framework/aspnetcore-browser-refresh.js - - - 200 12380 application/javascript;+charset=utf-8 4.9766ms 
2025-03-06 11:09:18.4924 Info Request finished HTTP/2 GET https://localhost:7208/_vs/browserLink - - - 200 - text/javascript;+charset=UTF-8 124.6212ms 
2025-03-06 11:09:18.5964 Info Request starting HTTP/2 GET https://localhost:7208/swagger/v1/swagger.json - - 
2025-03-06 11:09:18.6036 Info Request finished HTTP/2 GET https://localhost:7208/swagger/v1/swagger.json - - - 200 - application/json;charset=utf-8 7.2593ms 
2025-03-06 11:09:31.8995 Info Request starting HTTP/2 DELETE https://localhost:7208/HelloGreeting/4 - - 
2025-03-06 11:09:31.9192 Info Executing endpoint 'HelloGreetingApplication.Controllers.HelloGreetingController.DeleteGreeting (HelloGreetingApplication)' 
2025-03-06 11:09:31.9372 Info Route matched with {action = "DeleteGreeting", controller = "HelloGreeting"}. Executing controller action with signature Microsoft.AspNetCore.Mvc.IActionResult DeleteGreeting(Int32) on controller HelloGreetingApplication.Controllers.HelloGreetingController (HelloGreetingApplication). 
2025-03-06 11:09:32.6749 Info Entity Framework Core 6.0.36 initialized 'GreetingContext' using provider 'Microsoft.EntityFrameworkCore.SqlServer:6.0.36' with options: None 
2025-03-06 11:09:33.7118 Info Executed DbCommand (71ms) [Parameters=[@__id_0='?' (DbType = Int32)], CommandType='Text', CommandTimeout='30']
SELECT TOP(1) [g].[Id], [g].[Message]
FROM [GreetingMessages] AS [g]
WHERE [g].[Id] = @__id_0 
2025-03-06 11:09:33.8671 Info Executed DbCommand (4ms) [Parameters=[@p0='?' (DbType = Int32)], CommandType='Text', CommandTimeout='30']
SET NOCOUNT ON;
DELETE FROM [GreetingMessages]
WHERE [Id] = @p0;
SELECT @@ROWCOUNT; 
2025-03-06 11:09:33.8961 Info Executing OkObjectResult, writing value of type '<>f__AnonymousType0`2[[System.Boolean, System.Private.CoreLib, Version=6.0.0.0, Culture=neutral, PublicKeyToken=7cec85d7bea7798e],[System.String, System.Private.CoreLib, Version=6.0.0.0, Culture=neutral, PublicKeyToken=7cec85d7bea7798e]]'. 
2025-03-06 11:09:33.9018 Info Executed action HelloGreetingApplication.Controllers.HelloGreetingController.DeleteGreeting (HelloGreetingApplication) in 1961.3358ms 
2025-03-06 11:09:33.9018 Info Executed endpoint 'HelloGreetingApplication.Controllers.HelloGreetingController.DeleteGreeting (HelloGreetingApplication)' 
2025-03-06 11:09:33.9164 Info Request finished HTTP/2 DELETE https://localhost:7208/HelloGreeting/4 - - - 200 - application/json;+charset=utf-8 2016.8583ms 
2025-03-06 11:10:53.5346 Info Request starting HTTP/2 GET https://localhost:7208/HelloGreeting/all - - 
2025-03-06 11:10:53.5837 Info Executing endpoint 'HelloGreetingApplication.Controllers.HelloGreetingController.GetAll (HelloGreetingApplication)' 
2025-03-06 11:10:53.5870 Info Route matched with {action = "GetAll", controller = "HelloGreeting"}. Executing controller action with signature Microsoft.AspNetCore.Mvc.IActionResult GetAll() on controller HelloGreetingApplication.Controllers.HelloGreetingController (HelloGreetingApplication). 
2025-03-06 11:10:53.6314 Info Entity Framework Core 6.0.36 initialized 'GreetingContext' using provider 'Microsoft.EntityFrameworkCore.SqlServer:6.0.36' with options: None 
2025-03-06 11:10:53.7276 Info Executed DbCommand (85ms) [Parameters=[], CommandType='Text', CommandTimeout='30']
SELECT [g].[Id], [g].[Message]
FROM [GreetingMessages] AS [g] 
2025-03-06 11:10:53.7276 Info Executing OkObjectResult, writing value of type '<>f__AnonymousType1`2[[System.Boolean, System.Private.CoreLib, Version=6.0.0.0, Culture=neutral, PublicKeyToken=7cec85d7bea7798e],[System.Collections.Generic.List`1[[ModelLayer.Model.Entities.Greeting, ModelLayer, Version=1.0.0.0, Culture=neutral, PublicKeyToken=null]], System.Private.CoreLib, Version=6.0.0.0, Culture=neutral, PublicKeyToken=7cec85d7bea7798e]]'. 
2025-03-06 11:10:53.7276 Info Executed action HelloGreetingApplication.Controllers.HelloGreetingController.GetAll (HelloGreetingApplication) in 145.6383ms 
2025-03-06 11:10:53.7276 Info Executed endpoint 'HelloGreetingApplication.Controllers.HelloGreetingController.GetAll (HelloGreetingApplication)' 
2025-03-06 11:10:53.7276 Info Request finished HTTP/2 GET https://localhost:7208/HelloGreeting/all - - - 200 - application/json;+charset=utf-8 198.5417ms 
2025-03-08 13:59:30.3121 Info Starting application... 
2025-03-08 13:59:31.5287 Info Now listening on: https://localhost:7208 
2025-03-08 13:59:31.5287 Info Now listening on: http://localhost:5254 
2025-03-08 13:59:31.5836 Info Application started. Press Ctrl+C to shut down. 
2025-03-08 13:59:31.5836 Info Hosting environment: Development 
2025-03-08 13:59:31.5836 Info Content root path: C:\Users\Prashant\Desktop\GreetingApp\GreetingApp\HelloGreetingApplication\ 
2025-03-08 13:59:32.4922 Info Request starting HTTP/2 GET https://localhost:7208/swagger/index.html - - 
2025-03-08 13:59:32.8802 Info Request finished HTTP/2 GET https://localhost:7208/swagger/index.html - - - 200 - text/html;charset=utf-8 388.7272ms 
2025-03-08 13:59:32.8956 Info Request starting HTTP/2 GET https://localhost:7208/swagger/swagger-ui-standalone-preset.js - - 
2025-03-08 13:59:32.8955 Info Request starting HTTP/2 GET https://localhost:7208/_framework/aspnetcore-browser-refresh.js - - 
2025-03-08 13:59:32.8955 Info Request starting HTTP/2 GET https://localhost:7208/swagger/index.js - - 
2025-03-08 13:59:32.8956 Info Request starting HTTP/2 GET https://localhost:7208/swagger/index.css - - 
2025-03-08 13:59:32.8956 Info Request starting HTTP/2 GET https://localhost:7208/swagger/swagger-ui-bundle.js - - 
2025-03-08 13:59:32.8955 Info Request starting HTTP/2 GET https://localhost:7208/swagger/swagger-ui.css - - 
2025-03-08 13:59:32.8955 Info Request starting HTTP/2 GET https://localhost:7208/_vs/browserLink - - 
2025-03-08 13:59:32.8985 Info Request finished HTTP/2 GET https://localhost:7208/swagger/index.js - - - 200 - application/javascript;charset=utf-8 2.8591ms 
2025-03-08 13:59:32.8985 Info Request finished HTTP/2 GET https://localhost:7208/_framework/aspnetcore-browser-refresh.js - - - 200 12380 application/javascript;+charset=utf-8 5.9709ms 
2025-03-08 13:59:32.8985 Info The file /swagger-ui.css was not modified 
2025-03-08 13:59:32.8985 Info The file /swagger-ui-bundle.js was not modified 
2025-03-08 13:59:32.8985 Info The file /index.css was not modified 
2025-03-08 13:59:32.8985 Info The file /swagger-ui-standalone-preset.js was not modified 
2025-03-08 13:59:32.8985 Info Request finished HTTP/2 GET https://localhost:7208/swagger/index.css - - - 304 - text/css 8.9675ms 
2025-03-08 13:59:32.8985 Info Request finished HTTP/2 GET https://localhost:7208/swagger/swagger-ui-bundle.js - - - 304 - application/javascript 8.9287ms 
2025-03-08 13:59:32.8985 Info Request finished HTTP/2 GET https://localhost:7208/swagger/swagger-ui.css - - - 304 - text/css 9.0817ms 
2025-03-08 13:59:32.8985 Info Request finished HTTP/2 GET https://localhost:7208/swagger/swagger-ui-standalone-preset.js - - - 304 - application/javascript 8.9902ms 
2025-03-08 13:59:32.9742 Info Request finished HTTP/2 GET https://localhost:7208/_vs/browserLink - - - 200 - text/javascript;+charset=UTF-8 78.2553ms 
2025-03-08 13:59:33.0249 Info Request starting HTTP/2 GET https://localhost:7208/swagger/v1/swagger.json - - 
2025-03-08 13:59:33.0418 Info Request finished HTTP/2 GET https://localhost:7208/swagger/v1/swagger.json - - - 200 - application/json;charset=utf-8 16.8139ms 
2025-03-08 13:59:49.1283 Info Request starting HTTP/2 GET https://localhost:7208/HelloGreeting/all - - 
2025-03-08 13:59:49.1435 Info Executing endpoint 'HelloGreetingApplication.Controllers.HelloGreetingController.GetAll (HelloGreetingApplication)' 
2025-03-08 13:59:49.1579 Info Route matched with {action = "GetAll", controller = "HelloGreeting"}. Executing controller action with signature Microsoft.AspNetCore.Mvc.IActionResult GetAll() on controller HelloGreetingApplication.Controllers.HelloGreetingController (HelloGreetingApplication). 
2025-03-08 13:59:50.0625 Info Entity Framework Core 6.0.36 initialized 'GreetingContext' using provider 'Microsoft.EntityFrameworkCore.SqlServer:6.0.36' with options: None 
2025-03-08 13:59:50.9965 Info Executed DbCommand (42ms) [Parameters=[], CommandType='Text', CommandTimeout='30']
SELECT [g].[Id], [g].[Message]
FROM [GreetingMessages] AS [g] 
2025-03-08 13:59:51.0817 Info Executing OkObjectResult, writing value of type '<>f__AnonymousType1`2[[System.Boolean, System.Private.CoreLib, Version=6.0.0.0, Culture=neutral, PublicKeyToken=7cec85d7bea7798e],[System.Collections.Generic.List`1[[ModelLayer.Model.Entities.Greeting, ModelLayer, Version=1.0.0.0, Culture=neutral, PublicKeyToken=null]], System.Private.CoreLib, Version=6.0.0.0, Culture=neutral, PublicKeyToken=7cec85d7bea7798e]]'. 
2025-03-08 13:59:51.0886 Info Executed action HelloGreetingApplication.Controllers.HelloGreetingController.GetAll (HelloGreetingApplication) in 1926.609ms 
2025-03-08 13:59:51.0886 Info Executed endpoint 'HelloGreetingApplication.Controllers.HelloGreetingController.GetAll (HelloGreetingApplication)' 
2025-03-08 13:59:51.0886 Info Request finished HTTP/2 GET https://localhost:7208/HelloGreeting/all - - - 200 - application/json;+charset=utf-8 1970.4519ms 
2025-03-08 15:19:37.1182 Info Starting application... 
2025-03-08 15:19:38.2307 Info Now listening on: https://localhost:7208 
2025-03-08 15:19:38.2307 Info Now listening on: http://localhost:5254 
2025-03-08 15:19:38.2780 Info Application started. Press Ctrl+C to shut down. 
2025-03-08 15:19:38.2780 Info Hosting environment: Development 
2025-03-08 15:19:38.2780 Info Content root path: C:\Users\Prashant\Desktop\GreetingApp\GreetingApp\HelloGreetingApplication\ 
2025-03-08 15:19:39.0361 Info Request starting HTTP/2 GET https://localhost:7208/swagger/index.html - - 
2025-03-08 15:19:39.3095 Info Request finished HTTP/2 GET https://localhost:7208/swagger/index.html - - - 200 - text/html;charset=utf-8 274.9421ms 
2025-03-08 15:19:39.3467 Info Request starting HTTP/2 GET https://localhost:7208/_framework/aspnetcore-browser-refresh.js - - 
2025-03-08 15:19:39.3526 Info Request starting HTTP/2 GET https://localhost:7208/_vs/browserLink - - 
2025-03-08 15:19:39.3526 Info Request starting HTTP/2 GET https://localhost:7208/swagger/index.js - - 
2025-03-08 15:19:39.3526 Info Request finished HTTP/2 GET https://localhost:7208/swagger/index.js - - - 200 - application/javascript;charset=utf-8 2.9730ms 
2025-03-08 15:19:39.3526 Info Request finished HTTP/2 GET https://localhost:7208/_framework/aspnetcore-browser-refresh.js - - - 200 12380 application/javascript;+charset=utf-8 11.5895ms 
2025-03-08 15:19:39.5346 Info Request finished HTTP/2 GET https://localhost:7208/_vs/browserLink - - - 200 - text/javascript;+charset=UTF-8 181.9444ms 
2025-03-08 15:19:39.6550 Info Request starting HTTP/2 GET https://localhost:7208/swagger/v1/swagger.json - - 
2025-03-08 15:19:39.6550 Info Request finished HTTP/2 GET https://localhost:7208/swagger/v1/swagger.json - - - 200 - application/json;charset=utf-8 7.6770ms 
2025-03-08 15:19:51.9036 Info Request starting HTTP/2 GET https://localhost:7208/HelloGreeting/1 - - 
2025-03-08 15:19:51.9328 Info Executing endpoint 'HelloGreetingApplication.Controllers.HelloGreetingController.GetById (HelloGreetingApplication)' 
2025-03-08 15:19:52.0824 Info Route matched with {action = "GetById", controller = "HelloGreeting"}. Executing controller action with signature Microsoft.AspNetCore.Mvc.IActionResult GetById(Int32) on controller HelloGreetingApplication.Controllers.HelloGreetingController (HelloGreetingApplication). 
2025-03-08 15:19:54.1800 Info Entity Framework Core 6.0.36 initialized 'GreetingContext' using provider 'Microsoft.EntityFrameworkCore.SqlServer:6.0.36' with options: None 
2025-03-08 15:19:56.8813 Info Executed DbCommand (238ms) [Parameters=[@__id_0='?' (DbType = Int32)], CommandType='Text', CommandTimeout='30']
SELECT TOP(1) [g].[Id], [g].[Message]
FROM [GreetingMessages] AS [g]
WHERE [g].[Id] = @__id_0 
2025-03-08 15:19:57.1031 Info Executing OkObjectResult, writing value of type '<>f__AnonymousType1`2[[System.Boolean, System.Private.CoreLib, Version=6.0.0.0, Culture=neutral, PublicKeyToken=7cec85d7bea7798e],[System.String, System.Private.CoreLib, Version=6.0.0.0, Culture=neutral, PublicKeyToken=7cec85d7bea7798e]]'. 
2025-03-08 15:19:57.1230 Info Executed action HelloGreetingApplication.Controllers.HelloGreetingController.GetById (HelloGreetingApplication) in 5029.24ms 
2025-03-08 15:19:57.1230 Info Executed endpoint 'HelloGreetingApplication.Controllers.HelloGreetingController.GetById (HelloGreetingApplication)' 
2025-03-08 15:19:57.1448 Info Request finished HTTP/2 GET https://localhost:7208/HelloGreeting/1 - - - 200 - application/json;+charset=utf-8 5241.1380ms 
2025-03-08 15:20:03.7826 Info Request starting HTTP/2 GET https://localhost:7208/HelloGreeting/3 - - 
2025-03-08 15:20:03.7826 Info Executing endpoint 'HelloGreetingApplication.Controllers.HelloGreetingController.GetById (HelloGreetingApplication)' 
2025-03-08 15:20:03.7826 Info Route matched with {action = "GetById", controller = "HelloGreeting"}. Executing controller action with signature Microsoft.AspNetCore.Mvc.IActionResult GetById(Int32) on controller HelloGreetingApplication.Controllers.HelloGreetingController (HelloGreetingApplication). 
2025-03-08 15:20:03.7906 Info Entity Framework Core 6.0.36 initialized 'GreetingContext' using provider 'Microsoft.EntityFrameworkCore.SqlServer:6.0.36' with options: None 
2025-03-08 15:20:03.8448 Info Executed DbCommand (43ms) [Parameters=[@__id_0='?' (DbType = Int32)], CommandType='Text', CommandTimeout='30']
SELECT TOP(1) [g].[Id], [g].[Message]
FROM [GreetingMessages] AS [g]
WHERE [g].[Id] = @__id_0 
2025-03-08 15:20:03.8448 Info Executing OkObjectResult, writing value of type '<>f__AnonymousType1`2[[System.Boolean, System.Private.CoreLib, Version=6.0.0.0, Culture=neutral, PublicKeyToken=7cec85d7bea7798e],[System.String, System.Private.CoreLib, Version=6.0.0.0, Culture=neutral, PublicKeyToken=7cec85d7bea7798e]]'. 
2025-03-08 15:20:03.8448 Info Executed action HelloGreetingApplication.Controllers.HelloGreetingController.GetById (HelloGreetingApplication) in 62.2511ms 
2025-03-08 15:20:03.8448 Info Executed endpoint 'HelloGreetingApplication.Controllers.HelloGreetingController.GetById (HelloGreetingApplication)' 
2025-03-08 15:20:03.8448 Info Request finished HTTP/2 GET https://localhost:7208/HelloGreeting/3 - - - 200 - application/json;+charset=utf-8 64.5162ms 
2025-03-08 15:20:11.0695 Info Request starting HTTP/2 GET https://localhost:7208/HelloGreeting/4 - - 
2025-03-08 15:20:11.0727 Info Executing endpoint 'HelloGreetingApplication.Controllers.HelloGreetingController.GetById (HelloGreetingApplication)' 
2025-03-08 15:20:11.0727 Info Route matched with {action = "GetById", controller = "HelloGreeting"}. Executing controller action with signature Microsoft.AspNetCore.Mvc.IActionResult GetById(Int32) on controller HelloGreetingApplication.Controllers.HelloGreetingController (HelloGreetingApplication). 
2025-03-08 15:20:11.1917 Info Entity Framework Core 6.0.36 initialized 'GreetingContext' using provider 'Microsoft.EntityFrameworkCore.SqlServer:6.0.36' with options: None 
2025-03-08 15:20:11.1917 Info Executed DbCommand (1ms) [Parameters=[@__id_0='?' (DbType = Int32)], CommandType='Text', CommandTimeout='30']
SELECT TOP(1) [g].[Id], [g].[Message]
FROM [GreetingMessages] AS [g]
WHERE [g].[Id] = @__id_0 
2025-03-08 15:21:05.7016 Info Starting application... 
2025-03-08 15:21:06.4652 Info Now listening on: https://localhost:7208 
2025-03-08 15:21:06.4652 Info Now listening on: http://localhost:5254 
2025-03-08 15:21:06.5235 Info Application started. Press Ctrl+C to shut down. 
2025-03-08 15:21:06.5235 Info Hosting environment: Development 
2025-03-08 15:21:06.5235 Info Content root path: C:\Users\Prashant\Desktop\GreetingApp\GreetingApp\HelloGreetingApplication\ 
2025-03-08 15:21:06.9524 Info Request starting HTTP/2 GET https://localhost:7208/swagger/index.html - - 
2025-03-08 15:21:07.2454 Info Request finished HTTP/2 GET https://localhost:7208/swagger/index.html - - - 200 - text/html;charset=utf-8 294.3147ms 
2025-03-08 15:21:07.2751 Info Request starting HTTP/2 GET https://localhost:7208/_framework/aspnetcore-browser-refresh.js - - 
2025-03-08 15:21:07.2751 Info Request starting HTTP/2 GET https://localhost:7208/swagger/index.js - - 
2025-03-08 15:21:07.2751 Info Request starting HTTP/2 GET https://localhost:7208/_vs/browserLink - - 
2025-03-08 15:21:07.2751 Info Request finished HTTP/2 GET https://localhost:7208/swagger/index.js - - - 200 - application/javascript;charset=utf-8 1.4068ms 
2025-03-08 15:21:07.2751 Info Request finished HTTP/2 GET https://localhost:7208/_framework/aspnetcore-browser-refresh.js - - - 200 12380 application/javascript;+charset=utf-8 5.7296ms 
2025-03-08 15:21:07.3583 Info Request finished HTTP/2 GET https://localhost:7208/_vs/browserLink - - - 200 - text/javascript;+charset=UTF-8 81.2321ms 
2025-03-08 15:21:07.6143 Info Request starting HTTP/2 GET https://localhost:7208/swagger/v1/swagger.json - - 
2025-03-08 15:21:07.6212 Info Request finished HTTP/2 GET https://localhost:7208/swagger/v1/swagger.json - - - 200 - application/json;charset=utf-8 6.9025ms 
2025-03-08 15:21:19.6292 Info Request starting HTTP/2 GET https://localhost:7208/HelloGreeting/3 - - 
2025-03-08 15:21:19.6405 Info Executing endpoint 'HelloGreetingApplication.Controllers.HelloGreetingController.GetById (HelloGreetingApplication)' 
2025-03-08 15:21:19.7085 Info Route matched with {action = "GetById", controller = "HelloGreeting"}. Executing controller action with signature Microsoft.AspNetCore.Mvc.IActionResult GetById(Int32) on controller HelloGreetingApplication.Controllers.HelloGreetingController (HelloGreetingApplication). 
2025-03-08 15:21:21.7733 Info Entity Framework Core 6.0.36 initialized 'GreetingContext' using provider 'Microsoft.EntityFrameworkCore.SqlServer:6.0.36' with options: None 
2025-03-08 15:21:24.2772 Info Executed DbCommand (306ms) [Parameters=[@__id_0='?' (DbType = Int32)], CommandType='Text', CommandTimeout='30']
SELECT TOP(1) [g].[Id], [g].[Message]
FROM [GreetingMessages] AS [g]
WHERE [g].[Id] = @__id_0 
2025-03-08 15:21:24.5306 Info Executing OkObjectResult, writing value of type '<>f__AnonymousType1`2[[System.Boolean, System.Private.CoreLib, Version=6.0.0.0, Culture=neutral, PublicKeyToken=7cec85d7bea7798e],[System.String, System.Private.CoreLib, Version=6.0.0.0, Culture=neutral, PublicKeyToken=7cec85d7bea7798e]]'. 
2025-03-08 15:21:24.5450 Info Executed action HelloGreetingApplication.Controllers.HelloGreetingController.GetById (HelloGreetingApplication) in 4826.4616ms 
2025-03-08 15:21:24.5450 Info Executed endpoint 'HelloGreetingApplication.Controllers.HelloGreetingController.GetById (HelloGreetingApplication)' 
2025-03-08 15:21:24.5576 Info Request finished HTTP/2 GET https://localhost:7208/HelloGreeting/3 - - - 200 - application/json;+charset=utf-8 4928.4291ms 
2025-03-08 15:21:31.7352 Info Request starting HTTP/2 GET https://localhost:7208/HelloGreeting/2 - - 
2025-03-08 15:21:31.7352 Info Executing endpoint 'HelloGreetingApplication.Controllers.HelloGreetingController.GetById (HelloGreetingApplication)' 
2025-03-08 15:21:31.7352 Info Route matched with {action = "GetById", controller = "HelloGreeting"}. Executing controller action with signature Microsoft.AspNetCore.Mvc.IActionResult GetById(Int32) on controller HelloGreetingApplication.Controllers.HelloGreetingController (HelloGreetingApplication). 
2025-03-08 15:21:31.7446 Info Entity Framework Core 6.0.36 initialized 'GreetingContext' using provider 'Microsoft.EntityFrameworkCore.SqlServer:6.0.36' with options: None 
2025-03-08 15:21:31.8273 Info Executed DbCommand (7ms) [Parameters=[@__id_0='?' (DbType = Int32)], CommandType='Text', CommandTimeout='30']
SELECT TOP(1) [g].[Id], [g].[Message]
FROM [GreetingMessages] AS [g]
WHERE [g].[Id] = @__id_0 
2025-03-08 15:21:31.8273 Info Executing OkObjectResult, writing value of type '<>f__AnonymousType1`2[[System.Boolean, System.Private.CoreLib, Version=6.0.0.0, Culture=neutral, PublicKeyToken=7cec85d7bea7798e],[System.String, System.Private.CoreLib, Version=6.0.0.0, Culture=neutral, PublicKeyToken=7cec85d7bea7798e]]'. 
2025-03-08 15:21:31.8273 Info Executed action HelloGreetingApplication.Controllers.HelloGreetingController.GetById (HelloGreetingApplication) in 92.6591ms 
2025-03-08 15:21:31.8273 Info Executed endpoint 'HelloGreetingApplication.Controllers.HelloGreetingController.GetById (HelloGreetingApplication)' 
2025-03-08 15:21:31.8273 Info Request finished HTTP/2 GET https://localhost:7208/HelloGreeting/2 - - - 200 - application/json;+charset=utf-8 94.4305ms 
2025-03-08 15:21:37.0181 Info Request starting HTTP/2 GET https://localhost:7208/HelloGreeting/4 - - 
2025-03-08 15:21:37.0181 Info Executing endpoint 'HelloGreetingApplication.Controllers.HelloGreetingController.GetById (HelloGreetingApplication)' 
2025-03-08 15:21:37.0181 Info Route matched with {action = "GetById", controller = "HelloGreeting"}. Executing controller action with signature Microsoft.AspNetCore.Mvc.IActionResult GetById(Int32) on controller HelloGreetingApplication.Controllers.HelloGreetingController (HelloGreetingApplication). 
2025-03-08 15:21:37.1458 Info Entity Framework Core 6.0.36 initialized 'GreetingContext' using provider 'Microsoft.EntityFrameworkCore.SqlServer:6.0.36' with options: None 
2025-03-08 15:21:37.1490 Info Executed DbCommand (1ms) [Parameters=[@__id_0='?' (DbType = Int32)], CommandType='Text', CommandTimeout='30']
SELECT TOP(1) [g].[Id], [g].[Message]
FROM [GreetingMessages] AS [g]
WHERE [g].[Id] = @__id_0 
2025-03-08 15:22:10.8202 Info Starting application... 
2025-03-08 15:22:11.6447 Info Now listening on: https://localhost:7208 
2025-03-08 15:22:11.6517 Info Now listening on: http://localhost:5254 
2025-03-08 15:22:11.6927 Info Application started. Press Ctrl+C to shut down. 
2025-03-08 15:22:11.6927 Info Hosting environment: Development 
2025-03-08 15:22:11.6927 Info Content root path: C:\Users\Prashant\Desktop\GreetingApp\GreetingApp\HelloGreetingApplication\ 
2025-03-08 15:22:12.3766 Info Request starting HTTP/2 GET https://localhost:7208/swagger/index.html - - 
2025-03-08 15:22:12.6453 Info Request finished HTTP/2 GET https://localhost:7208/swagger/index.html - - - 200 - text/html;charset=utf-8 271.9465ms 
2025-03-08 15:22:12.6657 Info Request starting HTTP/2 GET https://localhost:7208/_framework/aspnetcore-browser-refresh.js - - 
2025-03-08 15:22:12.6657 Info Request starting HTTP/2 GET https://localhost:7208/swagger/index.js - - 
2025-03-08 15:22:12.6657 Info Request starting HTTP/2 GET https://localhost:7208/_vs/browserLink - - 
2025-03-08 15:22:12.6657 Info Request finished HTTP/2 GET https://localhost:7208/swagger/index.js - - - 200 - application/javascript;charset=utf-8 2.5330ms 
2025-03-08 15:22:12.6804 Info Request finished HTTP/2 GET https://localhost:7208/_framework/aspnetcore-browser-refresh.js - - - 200 12380 application/javascript;+charset=utf-8 14.7069ms 
2025-03-08 15:22:12.7579 Info Request finished HTTP/2 GET https://localhost:7208/_vs/browserLink - - - 200 - text/javascript;+charset=UTF-8 82.9600ms 
2025-03-08 15:22:12.8099 Info Request starting HTTP/2 GET https://localhost:7208/swagger/v1/swagger.json - - 
2025-03-08 15:22:12.8099 Info Request finished HTTP/2 GET https://localhost:7208/swagger/v1/swagger.json - - - 200 - application/json;charset=utf-8 7.7747ms 
2025-03-08 15:22:21.4788 Info Request starting HTTP/2 GET https://localhost:7208/HelloGreeting/1 - - 
2025-03-08 15:22:21.4788 Info Executing endpoint 'HelloGreetingApplication.Controllers.HelloGreetingController.GetById (HelloGreetingApplication)' 
2025-03-08 15:22:21.5775 Info Route matched with {action = "GetById", controller = "HelloGreeting"}. Executing controller action with signature Microsoft.AspNetCore.Mvc.IActionResult GetById(Int32) on controller HelloGreetingApplication.Controllers.HelloGreetingController (HelloGreetingApplication). 
2025-03-08 15:22:23.5291 Info Entity Framework Core 6.0.36 initialized 'GreetingContext' using provider 'Microsoft.EntityFrameworkCore.SqlServer:6.0.36' with options: None 
2025-03-08 15:22:25.8774 Info Executed DbCommand (241ms) [Parameters=[@__id_0='?' (DbType = Int32)], CommandType='Text', CommandTimeout='30']
SELECT TOP(1) [g].[Id], [g].[Message]
FROM [GreetingMessages] AS [g]
WHERE [g].[Id] = @__id_0 
2025-03-08 15:22:26.0719 Info Executing OkObjectResult, writing value of type '<>f__AnonymousType1`2[[System.Boolean, System.Private.CoreLib, Version=6.0.0.0, Culture=neutral, PublicKeyToken=7cec85d7bea7798e],[System.String, System.Private.CoreLib, Version=6.0.0.0, Culture=neutral, PublicKeyToken=7cec85d7bea7798e]]'. 
2025-03-08 15:22:26.0719 Info Executed action HelloGreetingApplication.Controllers.HelloGreetingController.GetById (HelloGreetingApplication) in 4498.8329ms 
2025-03-08 15:22:26.1413 Info Executed endpoint 'HelloGreetingApplication.Controllers.HelloGreetingController.GetById (HelloGreetingApplication)' 
2025-03-08 15:22:26.1862 Info Request finished HTTP/2 GET https://localhost:7208/HelloGreeting/1 - - - 200 - application/json;+charset=utf-8 4707.3351ms 
2025-03-08 15:22:31.6366 Info Request starting HTTP/2 GET https://localhost:7208/HelloGreeting/4 - - 
2025-03-08 15:22:31.6366 Info Executing endpoint 'HelloGreetingApplication.Controllers.HelloGreetingController.GetById (HelloGreetingApplication)' 
2025-03-08 15:22:31.6366 Info Route matched with {action = "GetById", controller = "HelloGreeting"}. Executing controller action with signature Microsoft.AspNetCore.Mvc.IActionResult GetById(Int32) on controller HelloGreetingApplication.Controllers.HelloGreetingController (HelloGreetingApplication). 
2025-03-08 15:22:31.6366 Info Entity Framework Core 6.0.36 initialized 'GreetingContext' using provider 'Microsoft.EntityFrameworkCore.SqlServer:6.0.36' with options: None 
2025-03-08 15:22:31.6652 Info Executed DbCommand (5ms) [Parameters=[@__id_0='?' (DbType = Int32)], CommandType='Text', CommandTimeout='30']
SELECT TOP(1) [g].[Id], [g].[Message]
FROM [GreetingMessages] AS [g]
WHERE [g].[Id] = @__id_0 
2025-03-08 15:22:31.6652 Info Executing NotFoundObjectResult, writing value of type '<>f__AnonymousType0`2[[System.Boolean, System.Private.CoreLib, Version=6.0.0.0, Culture=neutral, PublicKeyToken=7cec85d7bea7798e],[System.String, System.Private.CoreLib, Version=6.0.0.0, Culture=neutral, PublicKeyToken=7cec85d7bea7798e]]'. 
2025-03-08 15:22:31.6652 Info Executed action HelloGreetingApplication.Controllers.HelloGreetingController.GetById (HelloGreetingApplication) in 27.3733ms 
2025-03-08 15:22:31.6652 Info Executed endpoint 'HelloGreetingApplication.Controllers.HelloGreetingController.GetById (HelloGreetingApplication)' 
2025-03-08 15:22:31.6652 Info Request finished HTTP/2 GET https://localhost:7208/HelloGreeting/4 - - - 404 - application/json;+charset=utf-8 32.5614ms 
2025-03-08 15:23:19.8692 Info Starting application... 
2025-03-08 15:23:20.7848 Info Now listening on: https://localhost:7208 
2025-03-08 15:23:20.7917 Info Now listening on: http://localhost:5254 
2025-03-08 15:23:20.8285 Info Application started. Press Ctrl+C to shut down. 
2025-03-08 15:23:20.8285 Info Hosting environment: Development 
2025-03-08 15:23:20.8285 Info Content root path: C:\Users\Prashant\Desktop\GreetingApp\GreetingApp\HelloGreetingApplication\ 
2025-03-08 15:23:21.2244 Info Request starting HTTP/2 GET https://localhost:7208/swagger/index.html - - 
2025-03-08 15:23:21.5384 Info Request finished HTTP/2 GET https://localhost:7208/swagger/index.html - - - 200 - text/html;charset=utf-8 314.7729ms 
2025-03-08 15:23:21.5564 Info Request starting HTTP/2 GET https://localhost:7208/_framework/aspnetcore-browser-refresh.js - - 
2025-03-08 15:23:21.5564 Info Request starting HTTP/2 GET https://localhost:7208/swagger/index.js - - 
2025-03-08 15:23:21.5564 Info Request starting HTTP/2 GET https://localhost:7208/_vs/browserLink - - 
2025-03-08 15:23:21.5564 Info Request finished HTTP/2 GET https://localhost:7208/swagger/index.js - - - 200 - application/javascript;charset=utf-8 3.8489ms 
2025-03-08 15:23:21.5564 Info Request finished HTTP/2 GET https://localhost:7208/_framework/aspnetcore-browser-refresh.js - - - 200 12380 application/javascript;+charset=utf-8 4.7503ms 
2025-03-08 15:23:21.6471 Info Request finished HTTP/2 GET https://localhost:7208/_vs/browserLink - - - 200 - text/javascript;+charset=UTF-8 90.3768ms 
2025-03-08 15:23:21.7023 Info Request starting HTTP/2 GET https://localhost:7208/swagger/v1/swagger.json - - 
2025-03-08 15:23:21.7023 Info Request finished HTTP/2 GET https://localhost:7208/swagger/v1/swagger.json - - - 200 - application/json;charset=utf-8 7.3048ms 
2025-03-08 15:23:29.7362 Info Request starting HTTP/2 GET https://localhost:7208/HelloGreeting/4 - - 
2025-03-08 15:23:29.7471 Info Executing endpoint 'HelloGreetingApplication.Controllers.HelloGreetingController.GetById (HelloGreetingApplication)' 
2025-03-08 15:23:29.8194 Info Route matched with {action = "GetById", controller = "HelloGreeting"}. Executing controller action with signature Microsoft.AspNetCore.Mvc.IActionResult GetById(Int32) on controller HelloGreetingApplication.Controllers.HelloGreetingController (HelloGreetingApplication). 
2025-03-08 15:23:31.9301 Info Entity Framework Core 6.0.36 initialized 'GreetingContext' using provider 'Microsoft.EntityFrameworkCore.SqlServer:6.0.36' with options: None 
2025-03-08 15:23:34.3917 Info Executed DbCommand (180ms) [Parameters=[@__id_0='?' (DbType = Int32)], CommandType='Text', CommandTimeout='30']
SELECT TOP(1) [g].[Id], [g].[Message]
FROM [GreetingMessages] AS [g]
WHERE [g].[Id] = @__id_0 
2025-03-08 15:23:51.4267 Error Exception: Greeting not found! 
2025-03-08 15:23:51.4489 Info Executing ObjectResult, writing value of type '<>f__AnonymousType0`3[[System.Boolean, System.Private.CoreLib, Version=6.0.0.0, Culture=neutral, PublicKeyToken=7cec85d7bea7798e],[System.String, System.Private.CoreLib, Version=6.0.0.0, Culture=neutral, PublicKeyToken=7cec85d7bea7798e],[System.Int32, System.Private.CoreLib, Version=6.0.0.0, Culture=neutral, PublicKeyToken=7cec85d7bea7798e]]'. 
2025-03-08 15:23:51.4701 Info Executed action HelloGreetingApplication.Controllers.HelloGreetingController.GetById (HelloGreetingApplication) in 21634.4743ms 
2025-03-08 15:23:51.4701 Info Executed endpoint 'HelloGreetingApplication.Controllers.HelloGreetingController.GetById (HelloGreetingApplication)' 
2025-03-08 15:23:51.5159 Info Request finished HTTP/2 GET https://localhost:7208/HelloGreeting/4 - - - 404 - application/json;+charset=utf-8 21779.6862ms 
2025-03-08 15:26:58.8115 Info Starting application... 
2025-03-08 15:26:59.7130 Info Now listening on: https://localhost:7208 
2025-03-08 15:26:59.7130 Info Now listening on: http://localhost:5254 
2025-03-08 15:26:59.7562 Info Application started. Press Ctrl+C to shut down. 
2025-03-08 15:26:59.7562 Info Hosting environment: Development 
2025-03-08 15:26:59.7562 Info Content root path: C:\Users\Prashant\Desktop\GreetingApp\GreetingApp\HelloGreetingApplication\ 
2025-03-08 15:27:00.6193 Info Request starting HTTP/2 GET https://localhost:7208/swagger/index.html - - 
2025-03-08 15:27:00.9369 Info Request finished HTTP/2 GET https://localhost:7208/swagger/index.html - - - 200 - text/html;charset=utf-8 318.9853ms 
2025-03-08 15:27:00.9739 Info Request starting HTTP/2 GET https://localhost:7208/swagger/index.js - - 
2025-03-08 15:27:00.9739 Info Request starting HTTP/2 GET https://localhost:7208/_vs/browserLink - - 
2025-03-08 15:27:00.9739 Info Request finished HTTP/2 GET https://localhost:7208/swagger/index.js - - - 200 - application/javascript;charset=utf-8 1.5187ms 
2025-03-08 15:27:00.9840 Info Request starting HTTP/2 GET https://localhost:7208/_framework/aspnetcore-browser-refresh.js - - 
2025-03-08 15:27:01.0014 Info Request finished HTTP/2 GET https://localhost:7208/_framework/aspnetcore-browser-refresh.js - - - 200 12380 application/javascript;+charset=utf-8 17.3120ms 
2025-03-08 15:27:01.0431 Info Request finished HTTP/2 GET https://localhost:7208/_vs/browserLink - - - 200 - text/javascript;+charset=UTF-8 68.8104ms 
2025-03-08 15:27:01.1601 Info Request starting HTTP/2 GET https://localhost:7208/swagger/v1/swagger.json - - 
2025-03-08 15:27:01.1657 Info Request finished HTTP/2 GET https://localhost:7208/swagger/v1/swagger.json - - - 200 - application/json;charset=utf-8 5.6176ms 
2025-03-08 15:27:15.0674 Info Request starting HTTP/2 GET https://localhost:7208/HelloGreeting/1 - - 
2025-03-08 15:27:15.0873 Info Executing endpoint 'HelloGreetingApplication.Controllers.HelloGreetingController.GetById (HelloGreetingApplication)' 
2025-03-08 15:27:15.1603 Info Route matched with {action = "GetById", controller = "HelloGreeting"}. Executing controller action with signature Microsoft.AspNetCore.Mvc.IActionResult GetById(Int32) on controller HelloGreetingApplication.Controllers.HelloGreetingController (HelloGreetingApplication). 
2025-03-08 15:27:17.1603 Info Entity Framework Core 6.0.36 initialized 'GreetingContext' using provider 'Microsoft.EntityFrameworkCore.SqlServer:6.0.36' with options: None 
2025-03-08 15:27:19.3544 Info Executed DbCommand (192ms) [Parameters=[@__id_0='?' (DbType = Int32)], CommandType='Text', CommandTimeout='30']
SELECT TOP(1) [g].[Id], [g].[Message]
FROM [GreetingMessages] AS [g]
WHERE [g].[Id] = @__id_0 
2025-03-08 15:27:19.5783 Info Executing OkObjectResult, writing value of type '<>f__AnonymousType1`2[[System.Boolean, System.Private.CoreLib, Version=6.0.0.0, Culture=neutral, PublicKeyToken=7cec85d7bea7798e],[System.String, System.Private.CoreLib, Version=6.0.0.0, Culture=neutral, PublicKeyToken=7cec85d7bea7798e]]'. 
2025-03-08 15:27:19.5973 Info Executed action HelloGreetingApplication.Controllers.HelloGreetingController.GetById (HelloGreetingApplication) in 4376.5677ms 
2025-03-08 15:27:19.5973 Info Executed endpoint 'HelloGreetingApplication.Controllers.HelloGreetingController.GetById (HelloGreetingApplication)' 
2025-03-08 15:27:19.6250 Info Request finished HTTP/2 GET https://localhost:7208/HelloGreeting/1 - - - 200 - application/json;+charset=utf-8 4557.6327ms 
2025-03-08 15:27:29.4834 Info Request starting HTTP/2 GET https://localhost:7208/HelloGreeting/1 - - 
2025-03-08 15:27:29.4834 Info Executing endpoint 'HelloGreetingApplication.Controllers.HelloGreetingController.GetById (HelloGreetingApplication)' 
2025-03-08 15:27:29.4834 Info Route matched with {action = "GetById", controller = "HelloGreeting"}. Executing controller action with signature Microsoft.AspNetCore.Mvc.IActionResult GetById(Int32) on controller HelloGreetingApplication.Controllers.HelloGreetingController (HelloGreetingApplication). 
2025-03-08 15:27:29.4928 Info Entity Framework Core 6.0.36 initialized 'GreetingContext' using provider 'Microsoft.EntityFrameworkCore.SqlServer:6.0.36' with options: None 
2025-03-08 15:27:29.5126 Info Executed DbCommand (6ms) [Parameters=[@__id_0='?' (DbType = Int32)], CommandType='Text', CommandTimeout='30']
SELECT TOP(1) [g].[Id], [g].[Message]
FROM [GreetingMessages] AS [g]
WHERE [g].[Id] = @__id_0 
2025-03-08 15:27:29.5126 Info Executing OkObjectResult, writing value of type '<>f__AnonymousType1`2[[System.Boolean, System.Private.CoreLib, Version=6.0.0.0, Culture=neutral, PublicKeyToken=7cec85d7bea7798e],[System.String, System.Private.CoreLib, Version=6.0.0.0, Culture=neutral, PublicKeyToken=7cec85d7bea7798e]]'. 
2025-03-08 15:27:29.5126 Info Executed action HelloGreetingApplication.Controllers.HelloGreetingController.GetById (HelloGreetingApplication) in 29.063ms 
2025-03-08 15:27:29.5126 Info Executed endpoint 'HelloGreetingApplication.Controllers.HelloGreetingController.GetById (HelloGreetingApplication)' 
2025-03-08 15:27:29.5126 Info Request finished HTTP/2 GET https://localhost:7208/HelloGreeting/1 - - - 200 - application/json;+charset=utf-8 31.2174ms 
2025-03-08 15:27:34.7970 Info Request starting HTTP/2 GET https://localhost:7208/HelloGreeting/4 - - 
2025-03-08 15:27:34.7970 Info Executing endpoint 'HelloGreetingApplication.Controllers.HelloGreetingController.GetById (HelloGreetingApplication)' 
2025-03-08 15:27:34.7970 Info Route matched with {action = "GetById", controller = "HelloGreeting"}. Executing controller action with signature Microsoft.AspNetCore.Mvc.IActionResult GetById(Int32) on controller HelloGreetingApplication.Controllers.HelloGreetingController (HelloGreetingApplication). 
2025-03-08 15:27:34.9327 Info Entity Framework Core 6.0.36 initialized 'GreetingContext' using provider 'Microsoft.EntityFrameworkCore.SqlServer:6.0.36' with options: None 
2025-03-08 15:27:34.9327 Info Executed DbCommand (1ms) [Parameters=[@__id_0='?' (DbType = Int32)], CommandType='Text', CommandTimeout='30']
SELECT TOP(1) [g].[Id], [g].[Message]
FROM [GreetingMessages] AS [g]
WHERE [g].[Id] = @__id_0 
2025-03-08 15:31:35.9182 Error Exception: Error fetching greeting by ID: Greeting not found! 
2025-03-08 15:31:35.9182 Info Executing ObjectResult, writing value of type '<>f__AnonymousType0`3[[System.Boolean, System.Private.CoreLib, Version=6.0.0.0, Culture=neutral, PublicKeyToken=7cec85d7bea7798e],[System.String, System.Private.CoreLib, Version=6.0.0.0, Culture=neutral, PublicKeyToken=7cec85d7bea7798e],[System.Int32, System.Private.CoreLib, Version=6.0.0.0, Culture=neutral, PublicKeyToken=7cec85d7bea7798e]]'. 
2025-03-08 15:31:35.9317 Info Executed action HelloGreetingApplication.Controllers.HelloGreetingController.GetById (HelloGreetingApplication) in 241133.4582ms 
2025-03-08 15:31:35.9317 Info Executed endpoint 'HelloGreetingApplication.Controllers.HelloGreetingController.GetById (HelloGreetingApplication)' 
2025-03-08 15:31:35.9317 Info Request finished HTTP/2 GET https://localhost:7208/HelloGreeting/4 - - - 500 - application/json;+charset=utf-8 241135.1955ms 
2025-03-08 15:31:35.9317 Info Request starting HTTP/2 GET https://localhost:7208/HelloGreeting/3 - - 
2025-03-08 15:31:35.9317 Info Executing endpoint 'HelloGreetingApplication.Controllers.HelloGreetingController.GetById (HelloGreetingApplication)' 
2025-03-08 15:31:35.9317 Info Route matched with {action = "GetById", controller = "HelloGreeting"}. Executing controller action with signature Microsoft.AspNetCore.Mvc.IActionResult GetById(Int32) on controller HelloGreetingApplication.Controllers.HelloGreetingController (HelloGreetingApplication). 
2025-03-08 15:31:35.9826 Info Entity Framework Core 6.0.36 initialized 'GreetingContext' using provider 'Microsoft.EntityFrameworkCore.SqlServer:6.0.36' with options: None 
2025-03-08 15:31:36.0054 Info Executed DbCommand (22ms) [Parameters=[@__id_0='?' (DbType = Int32)], CommandType='Text', CommandTimeout='30']
SELECT TOP(1) [g].[Id], [g].[Message]
FROM [GreetingMessages] AS [g]
WHERE [g].[Id] = @__id_0 
2025-03-08 15:31:36.0054 Info Executing OkObjectResult, writing value of type '<>f__AnonymousType1`2[[System.Boolean, System.Private.CoreLib, Version=6.0.0.0, Culture=neutral, PublicKeyToken=7cec85d7bea7798e],[System.String, System.Private.CoreLib, Version=6.0.0.0, Culture=neutral, PublicKeyToken=7cec85d7bea7798e]]'. 
2025-03-08 15:31:36.0105 Info Executed action HelloGreetingApplication.Controllers.HelloGreetingController.GetById (HelloGreetingApplication) in 73.1308ms 
2025-03-08 15:31:36.0105 Info Executed endpoint 'HelloGreetingApplication.Controllers.HelloGreetingController.GetById (HelloGreetingApplication)' 
2025-03-08 15:31:36.0105 Info Request finished HTTP/2 GET https://localhost:7208/HelloGreeting/3 - - - 0 - application/json;+charset=utf-8 77.1566ms 
2025-03-08 15:31:54.1303 Info Request starting HTTP/2 GET https://localhost:7208/HelloGreeting/2 - - 
2025-03-08 15:31:54.1357 Info Executing endpoint 'HelloGreetingApplication.Controllers.HelloGreetingController.GetById (HelloGreetingApplication)' 
2025-03-08 15:31:54.1357 Info Route matched with {action = "GetById", controller = "HelloGreeting"}. Executing controller action with signature Microsoft.AspNetCore.Mvc.IActionResult GetById(Int32) on controller HelloGreetingApplication.Controllers.HelloGreetingController (HelloGreetingApplication). 
2025-03-08 15:31:54.1357 Info Entity Framework Core 6.0.36 initialized 'GreetingContext' using provider 'Microsoft.EntityFrameworkCore.SqlServer:6.0.36' with options: None 
2025-03-08 15:31:54.2256 Info Executed DbCommand (81ms) [Parameters=[@__id_0='?' (DbType = Int32)], CommandType='Text', CommandTimeout='30']
SELECT TOP(1) [g].[Id], [g].[Message]
FROM [GreetingMessages] AS [g]
WHERE [g].[Id] = @__id_0 
2025-03-08 15:31:54.2256 Info Executing OkObjectResult, writing value of type '<>f__AnonymousType1`2[[System.Boolean, System.Private.CoreLib, Version=6.0.0.0, Culture=neutral, PublicKeyToken=7cec85d7bea7798e],[System.String, System.Private.CoreLib, Version=6.0.0.0, Culture=neutral, PublicKeyToken=7cec85d7bea7798e]]'. 
2025-03-08 15:31:54.2256 Info Executed action HelloGreetingApplication.Controllers.HelloGreetingController.GetById (HelloGreetingApplication) in 90.1894ms 
2025-03-08 15:31:54.2256 Info Executed endpoint 'HelloGreetingApplication.Controllers.HelloGreetingController.GetById (HelloGreetingApplication)' 
2025-03-08 15:31:54.2265 Info Request finished HTTP/2 GET https://localhost:7208/HelloGreeting/2 - - - 200 - application/json;+charset=utf-8 96.2060ms 
2025-03-08 15:31:59.6441 Info Request starting HTTP/2 GET https://localhost:7208/HelloGreeting/3 - - 
2025-03-08 15:31:59.6441 Info Executing endpoint 'HelloGreetingApplication.Controllers.HelloGreetingController.GetById (HelloGreetingApplication)' 
2025-03-08 15:31:59.6554 Info Route matched with {action = "GetById", controller = "HelloGreeting"}. Executing controller action with signature Microsoft.AspNetCore.Mvc.IActionResult GetById(Int32) on controller HelloGreetingApplication.Controllers.HelloGreetingController (HelloGreetingApplication). 
2025-03-08 15:31:59.6554 Info Entity Framework Core 6.0.36 initialized 'GreetingContext' using provider 'Microsoft.EntityFrameworkCore.SqlServer:6.0.36' with options: None 
2025-03-08 15:31:59.6554 Info Executed DbCommand (1ms) [Parameters=[@__id_0='?' (DbType = Int32)], CommandType='Text', CommandTimeout='30']
SELECT TOP(1) [g].[Id], [g].[Message]
FROM [GreetingMessages] AS [g]
WHERE [g].[Id] = @__id_0 
2025-03-08 15:31:59.6554 Info Executing OkObjectResult, writing value of type '<>f__AnonymousType1`2[[System.Boolean, System.Private.CoreLib, Version=6.0.0.0, Culture=neutral, PublicKeyToken=7cec85d7bea7798e],[System.String, System.Private.CoreLib, Version=6.0.0.0, Culture=neutral, PublicKeyToken=7cec85d7bea7798e]]'. 
2025-03-08 15:31:59.6554 Info Executed action HelloGreetingApplication.Controllers.HelloGreetingController.GetById (HelloGreetingApplication) in 7.8407ms 
2025-03-08 15:31:59.6554 Info Executed endpoint 'HelloGreetingApplication.Controllers.HelloGreetingController.GetById (HelloGreetingApplication)' 
2025-03-08 15:31:59.6554 Info Request finished HTTP/2 GET https://localhost:7208/HelloGreeting/3 - - - 200 - application/json;+charset=utf-8 19.5362ms 
2025-03-08 15:32:04.1804 Info Request starting HTTP/2 GET https://localhost:7208/HelloGreeting/4 - - 
2025-03-08 15:32:04.1804 Info Executing endpoint 'HelloGreetingApplication.Controllers.HelloGreetingController.GetById (HelloGreetingApplication)' 
2025-03-08 15:32:04.1804 Info Route matched with {action = "GetById", controller = "HelloGreeting"}. Executing controller action with signature Microsoft.AspNetCore.Mvc.IActionResult GetById(Int32) on controller HelloGreetingApplication.Controllers.HelloGreetingController (HelloGreetingApplication). 
2025-03-08 15:32:04.1804 Info Entity Framework Core 6.0.36 initialized 'GreetingContext' using provider 'Microsoft.EntityFrameworkCore.SqlServer:6.0.36' with options: None 
2025-03-08 15:32:04.1804 Info Executed DbCommand (1ms) [Parameters=[@__id_0='?' (DbType = Int32)], CommandType='Text', CommandTimeout='30']
SELECT TOP(1) [g].[Id], [g].[Message]
FROM [GreetingMessages] AS [g]
WHERE [g].[Id] = @__id_0 
2025-03-08 15:32:17.5436 Error Exception: Error fetching greeting by ID: Greeting not found! 
2025-03-08 15:32:17.5436 Info Executing ObjectResult, writing value of type '<>f__AnonymousType0`3[[System.Boolean, System.Private.CoreLib, Version=6.0.0.0, Culture=neutral, PublicKeyToken=7cec85d7bea7798e],[System.String, System.Private.CoreLib, Version=6.0.0.0, Culture=neutral, PublicKeyToken=7cec85d7bea7798e],[System.Int32, System.Private.CoreLib, Version=6.0.0.0, Culture=neutral, PublicKeyToken=7cec85d7bea7798e]]'. 
2025-03-08 15:32:17.5436 Info Executed action HelloGreetingApplication.Controllers.HelloGreetingController.GetById (HelloGreetingApplication) in 13363.9239ms 
2025-03-08 15:32:17.5436 Info Executed endpoint 'HelloGreetingApplication.Controllers.HelloGreetingController.GetById (HelloGreetingApplication)' 
2025-03-08 15:32:17.5436 Info Request finished HTTP/2 GET https://localhost:7208/HelloGreeting/4 - - - 500 - application/json;+charset=utf-8 13366.2618ms 
2025-03-08 15:34:58.5481 Info Starting application... 
2025-03-08 15:34:59.3627 Info Now listening on: https://localhost:7208 
2025-03-08 15:34:59.3699 Info Now listening on: http://localhost:5254 
2025-03-08 15:34:59.4091 Info Application started. Press Ctrl+C to shut down. 
2025-03-08 15:34:59.4091 Info Hosting environment: Development 
2025-03-08 15:34:59.4091 Info Content root path: C:\Users\Prashant\Desktop\GreetingApp\GreetingApp\HelloGreetingApplication\ 
2025-03-08 15:34:59.9113 Info Request starting HTTP/2 GET https://localhost:7208/swagger/index.html - - 
2025-03-08 15:35:00.2874 Info Request finished HTTP/2 GET https://localhost:7208/swagger/index.html - - - 200 - text/html;charset=utf-8 379.6103ms 
2025-03-08 15:35:00.3053 Info Request starting HTTP/2 GET https://localhost:7208/_framework/aspnetcore-browser-refresh.js - - 
2025-03-08 15:35:00.3053 Info Request starting HTTP/2 GET https://localhost:7208/swagger/index.js - - 
2025-03-08 15:35:00.3053 Info Request starting HTTP/2 GET https://localhost:7208/_vs/browserLink - - 
2025-03-08 15:35:00.3053 Info Request finished HTTP/2 GET https://localhost:7208/swagger/index.js - - - 200 - application/javascript;charset=utf-8 1.4710ms 
2025-03-08 15:35:00.3053 Info Request finished HTTP/2 GET https://localhost:7208/_framework/aspnetcore-browser-refresh.js - - - 200 12380 application/javascript;+charset=utf-8 11.5099ms 
2025-03-08 15:35:00.3772 Info Request finished HTTP/2 GET https://localhost:7208/_vs/browserLink - - - 200 - text/javascript;+charset=UTF-8 64.9396ms 
2025-03-08 15:35:00.4426 Info Request starting HTTP/2 GET https://localhost:7208/swagger/v1/swagger.json - - 
2025-03-08 15:35:00.4480 Info Request finished HTTP/2 GET https://localhost:7208/swagger/v1/swagger.json - - - 200 - application/json;charset=utf-8 5.4413ms 
2025-03-08 15:35:09.3154 Info Request starting HTTP/2 GET https://localhost:7208/HelloGreeting/4 - - 
2025-03-08 15:35:09.3252 Info Executing endpoint 'HelloGreetingApplication.Controllers.HelloGreetingController.GetById (HelloGreetingApplication)' 
2025-03-08 15:35:09.4087 Info Route matched with {action = "GetById", controller = "HelloGreeting"}. Executing controller action with signature Microsoft.AspNetCore.Mvc.IActionResult GetById(Int32) on controller HelloGreetingApplication.Controllers.HelloGreetingController (HelloGreetingApplication). 
2025-03-08 15:35:11.3618 Info Entity Framework Core 6.0.36 initialized 'GreetingContext' using provider 'Microsoft.EntityFrameworkCore.SqlServer:6.0.36' with options: None 
2025-03-08 15:35:13.5335 Info Executed DbCommand (215ms) [Parameters=[@__id_0='?' (DbType = Int32)], CommandType='Text', CommandTimeout='30']
SELECT TOP(1) [g].[Id], [g].[Message]
FROM [GreetingMessages] AS [g]
WHERE [g].[Id] = @__id_0 
2025-03-08 15:35:17.0365 Error Exception: Error fetching greeting by ID: Greeting not found! 
2025-03-08 15:35:17.0618 Info Executing ObjectResult, writing value of type '<>f__AnonymousType0`3[[System.Boolean, System.Private.CoreLib, Version=6.0.0.0, Culture=neutral, PublicKeyToken=7cec85d7bea7798e],[System.String, System.Private.CoreLib, Version=6.0.0.0, Culture=neutral, PublicKeyToken=7cec85d7bea7798e],[System.Int32, System.Private.CoreLib, Version=6.0.0.0, Culture=neutral, PublicKeyToken=7cec85d7bea7798e]]'. 
2025-03-08 15:35:17.0746 Info Executed action HelloGreetingApplication.Controllers.HelloGreetingController.GetById (HelloGreetingApplication) in 7656.2278ms 
2025-03-08 15:35:17.0746 Info Executed endpoint 'HelloGreetingApplication.Controllers.HelloGreetingController.GetById (HelloGreetingApplication)' 
2025-03-08 15:35:17.0958 Info Request finished HTTP/2 GET https://localhost:7208/HelloGreeting/4 - - - 500 - application/json;+charset=utf-8 7780.4042ms 
2025-03-08 15:38:01.9611 Info Starting application... 
2025-03-08 15:38:02.9839 Info Now listening on: https://localhost:7208 
2025-03-08 15:38:02.9921 Info Now listening on: http://localhost:5254 
2025-03-08 15:38:03.0795 Info Application started. Press Ctrl+C to shut down. 
2025-03-08 15:38:03.0795 Info Hosting environment: Development 
2025-03-08 15:38:03.0795 Info Content root path: C:\Users\Prashant\Desktop\GreetingApp\GreetingApp\HelloGreetingApplication\ 
2025-03-08 15:38:03.7505 Info Request starting HTTP/2 GET https://localhost:7208/swagger/index.html - - 
2025-03-08 15:38:04.1697 Info Request finished HTTP/2 GET https://localhost:7208/swagger/index.html - - - 200 - text/html;charset=utf-8 420.8095ms 
2025-03-08 15:38:04.1953 Info Request starting HTTP/2 GET https://localhost:7208/swagger/index.js - - 
2025-03-08 15:38:04.1953 Info Request starting HTTP/2 GET https://localhost:7208/_vs/browserLink - - 
2025-03-08 15:38:04.1953 Info Request starting HTTP/2 GET https://localhost:7208/_framework/aspnetcore-browser-refresh.js - - 
2025-03-08 15:38:04.1953 Info Request finished HTTP/2 GET https://localhost:7208/swagger/index.js - - - 200 - application/javascript;charset=utf-8 2.8212ms 
2025-03-08 15:38:04.1953 Info Request finished HTTP/2 GET https://localhost:7208/_framework/aspnetcore-browser-refresh.js - - - 200 12380 application/javascript;+charset=utf-8 6.8272ms 
2025-03-08 15:38:04.2653 Info Request finished HTTP/2 GET https://localhost:7208/_vs/browserLink - - - 200 - text/javascript;+charset=UTF-8 69.9706ms 
2025-03-08 15:38:04.3218 Info Request starting HTTP/2 GET https://localhost:7208/swagger/v1/swagger.json - - 
2025-03-08 15:38:04.3218 Info Request finished HTTP/2 GET https://localhost:7208/swagger/v1/swagger.json - - - 200 - application/json;charset=utf-8 5.7066ms 
2025-03-08 15:38:12.8497 Info Request starting HTTP/2 GET https://localhost:7208/HelloGreeting/4 - - 
2025-03-08 15:38:12.9181 Info Executing endpoint 'HelloGreetingApplication.Controllers.HelloGreetingController.GetById (HelloGreetingApplication)' 
2025-03-08 15:38:12.9980 Info Route matched with {action = "GetById", controller = "HelloGreeting"}. Executing controller action with signature Microsoft.AspNetCore.Mvc.IActionResult GetById(Int32) on controller HelloGreetingApplication.Controllers.HelloGreetingController (HelloGreetingApplication). 
2025-03-08 15:38:14.9974 Info Entity Framework Core 6.0.36 initialized 'GreetingContext' using provider 'Microsoft.EntityFrameworkCore.SqlServer:6.0.36' with options: None 
2025-03-08 15:38:17.0870 Info Executed DbCommand (150ms) [Parameters=[@__id_0='?' (DbType = Int32)], CommandType='Text', CommandTimeout='30']
SELECT TOP(1) [g].[Id], [g].[Message]
FROM [GreetingMessages] AS [g]
WHERE [g].[Id] = @__id_0 
2025-03-08 15:44:12.8908 Info Starting application... 
2025-03-08 15:44:13.7898 Info Now listening on: https://localhost:7208 
2025-03-08 15:44:13.7898 Info Now listening on: http://localhost:5254 
2025-03-08 15:44:13.8550 Info Application started. Press Ctrl+C to shut down. 
2025-03-08 15:44:13.8550 Info Hosting environment: Development 
2025-03-08 15:44:13.8550 Info Content root path: C:\Users\Prashant\Desktop\GreetingApp\GreetingApp\HelloGreetingApplication\ 
2025-03-08 15:44:14.1775 Info Request starting HTTP/2 GET https://localhost:7208/swagger/index.html - - 
2025-03-08 15:44:14.4863 Info Request finished HTTP/2 GET https://localhost:7208/swagger/index.html - - - 200 - text/html;charset=utf-8 315.5170ms 
2025-03-08 15:44:14.5114 Info Request starting HTTP/2 GET https://localhost:7208/_framework/aspnetcore-browser-refresh.js - - 
2025-03-08 15:44:14.5114 Info Request starting HTTP/2 GET https://localhost:7208/swagger/index.js - - 
2025-03-08 15:44:14.5114 Info Request starting HTTP/2 GET https://localhost:7208/_vs/browserLink - - 
2025-03-08 15:44:14.5295 Info Request finished HTTP/2 GET https://localhost:7208/swagger/index.js - - - 200 - application/javascript;charset=utf-8 18.1474ms 
2025-03-08 15:44:14.5295 Info Request finished HTTP/2 GET https://localhost:7208/_framework/aspnetcore-browser-refresh.js - - - 200 12380 application/javascript;+charset=utf-8 24.0422ms 
2025-03-08 15:44:14.6013 Info Request finished HTTP/2 GET https://localhost:7208/_vs/browserLink - - - 200 - text/javascript;+charset=UTF-8 85.9526ms 
2025-03-08 15:44:14.6563 Info Request starting HTTP/2 GET https://localhost:7208/swagger/v1/swagger.json - - 
2025-03-08 15:44:14.6563 Info Request finished HTTP/2 GET https://localhost:7208/swagger/v1/swagger.json - - - 200 - application/json;charset=utf-8 6.4773ms 
2025-03-08 15:44:25.7094 Info Request starting HTTP/2 GET https://localhost:7208/HelloGreeting/5 - - 
2025-03-08 15:44:25.7183 Info Executing endpoint 'HelloGreetingApplication.Controllers.HelloGreetingController.GetById (HelloGreetingApplication)' 
2025-03-08 15:44:25.7898 Info Route matched with {action = "GetById", controller = "HelloGreeting"}. Executing controller action with signature Microsoft.AspNetCore.Mvc.IActionResult GetById(Int32) on controller HelloGreetingApplication.Controllers.HelloGreetingController (HelloGreetingApplication). 
2025-03-08 15:44:27.7375 Info Entity Framework Core 6.0.36 initialized 'GreetingContext' using provider 'Microsoft.EntityFrameworkCore.SqlServer:6.0.36' with options: None 
2025-03-08 15:44:29.9471 Info Executed DbCommand (202ms) [Parameters=[@__id_0='?' (DbType = Int32)], CommandType='Text', CommandTimeout='30']
SELECT TOP(1) [g].[Id], [g].[Message]
FROM [GreetingMessages] AS [g]
WHERE [g].[Id] = @__id_0 
2025-03-08 15:44:30.1129 Error Exception: Greeting not found! 
2025-03-08 15:44:30.1313 Info Executing ObjectResult, writing value of type '<>f__AnonymousType0`3[[System.Boolean, System.Private.CoreLib, Version=6.0.0.0, Culture=neutral, PublicKeyToken=7cec85d7bea7798e],[System.String, System.Private.CoreLib, Version=6.0.0.0, Culture=neutral, PublicKeyToken=7cec85d7bea7798e],[System.Int32, System.Private.CoreLib, Version=6.0.0.0, Culture=neutral, PublicKeyToken=7cec85d7bea7798e]]'. 
2025-03-08 15:44:30.1468 Info Executed action HelloGreetingApplication.Controllers.HelloGreetingController.GetById (HelloGreetingApplication) in 4346.7547ms 
2025-03-08 15:44:30.1468 Info Executed endpoint 'HelloGreetingApplication.Controllers.HelloGreetingController.GetById (HelloGreetingApplication)' 
2025-03-08 15:44:30.1724 Info Request finished HTTP/2 GET https://localhost:7208/HelloGreeting/5 - - - 404 - application/json;+charset=utf-8 4463.0151ms 
2025-03-08 15:44:56.2397 Info Starting application... 
2025-03-08 15:44:57.1196 Info Now listening on: https://localhost:7208 
2025-03-08 15:44:57.1196 Info Now listening on: http://localhost:5254 
2025-03-08 15:44:57.1693 Info Application started. Press Ctrl+C to shut down. 
2025-03-08 15:44:57.1693 Info Hosting environment: Development 
2025-03-08 15:44:57.1693 Info Content root path: C:\Users\Prashant\Desktop\GreetingApp\GreetingApp\HelloGreetingApplication\ 
2025-03-08 15:44:58.1159 Info Request starting HTTP/2 GET https://localhost:7208/swagger/index.html - - 
2025-03-08 15:44:58.3976 Info Request finished HTTP/2 GET https://localhost:7208/swagger/index.html - - - 200 - text/html;charset=utf-8 282.3026ms 
2025-03-08 15:44:58.4289 Info Request starting HTTP/2 GET https://localhost:7208/_framework/aspnetcore-browser-refresh.js - - 
2025-03-08 15:44:58.4337 Info Request starting HTTP/2 GET https://localhost:7208/swagger/index.js - - 
2025-03-08 15:44:58.4337 Info Request finished HTTP/2 GET https://localhost:7208/swagger/index.js - - - 200 - application/javascript;charset=utf-8 2.2987ms 
2025-03-08 15:44:58.4337 Info Request starting HTTP/2 GET https://localhost:7208/_vs/browserLink - - 
2025-03-08 15:44:58.4337 Info Request finished HTTP/2 GET https://localhost:7208/_framework/aspnetcore-browser-refresh.js - - - 200 12380 application/javascript;+charset=utf-8 9.5395ms 
2025-03-08 15:44:58.5160 Info Request finished HTTP/2 GET https://localhost:7208/_vs/browserLink - - - 200 - text/javascript;+charset=UTF-8 79.6038ms 
2025-03-08 15:44:58.6665 Info Request starting HTTP/2 GET https://localhost:7208/swagger/v1/swagger.json - - 
2025-03-08 15:44:58.6665 Info Request finished HTTP/2 GET https://localhost:7208/swagger/v1/swagger.json - - - 200 - application/json;charset=utf-8 8.0618ms 
2025-03-08 15:45:07.7444 Info Request starting HTTP/2 GET https://localhost:7208/HelloGreeting/5 - - 
2025-03-08 15:45:07.7444 Info Executing endpoint 'HelloGreetingApplication.Controllers.HelloGreetingController.GetById (HelloGreetingApplication)' 
2025-03-08 15:45:07.8259 Info Route matched with {action = "GetById", controller = "HelloGreeting"}. Executing controller action with signature Microsoft.AspNetCore.Mvc.IActionResult GetById(Int32) on controller HelloGreetingApplication.Controllers.HelloGreetingController (HelloGreetingApplication). 
2025-03-08 15:45:09.8315 Info Entity Framework Core 6.0.36 initialized 'GreetingContext' using provider 'Microsoft.EntityFrameworkCore.SqlServer:6.0.36' with options: None 
2025-03-08 15:45:12.0009 Info Executed DbCommand (175ms) [Parameters=[@__id_0='?' (DbType = Int32)], CommandType='Text', CommandTimeout='30']
SELECT TOP(1) [g].[Id], [g].[Message]
FROM [GreetingMessages] AS [g]
WHERE [g].[Id] = @__id_0 
2025-03-08 15:45:12.1517 Error Exception: Greeting not found! 
2025-03-08 15:45:12.1693 Info Executing ObjectResult, writing value of type '<>f__AnonymousType0`3[[System.Boolean, System.Private.CoreLib, Version=6.0.0.0, Culture=neutral, PublicKeyToken=7cec85d7bea7798e],[System.String, System.Private.CoreLib, Version=6.0.0.0, Culture=neutral, PublicKeyToken=7cec85d7bea7798e],[System.Int32, System.Private.CoreLib, Version=6.0.0.0, Culture=neutral, PublicKeyToken=7cec85d7bea7798e]]'. 
2025-03-08 15:45:12.1827 Info Executed action HelloGreetingApplication.Controllers.HelloGreetingController.GetById (HelloGreetingApplication) in 4348.2782ms 
2025-03-08 15:45:12.1827 Info Executed endpoint 'HelloGreetingApplication.Controllers.HelloGreetingController.GetById (HelloGreetingApplication)' 
2025-03-08 15:45:12.1981 Info Request finished HTTP/2 GET https://localhost:7208/HelloGreeting/5 - - - 404 - application/json;+charset=utf-8 4453.9250ms 
2025-03-08 15:49:47.4605 Info Starting application... 
2025-03-08 15:49:48.3760 Info Now listening on: https://localhost:7208 
2025-03-08 15:49:48.3823 Info Now listening on: http://localhost:5254 
2025-03-08 15:49:48.4258 Info Application started. Press Ctrl+C to shut down. 
2025-03-08 15:49:48.4258 Info Hosting environment: Development 
2025-03-08 15:49:48.4258 Info Content root path: C:\Users\Prashant\Desktop\GreetingApp\GreetingApp\HelloGreetingApplication\ 
2025-03-08 15:49:48.8041 Info Request starting HTTP/2 GET https://localhost:7208/swagger/index.html - - 
2025-03-08 15:49:49.1005 Info Request finished HTTP/2 GET https://localhost:7208/swagger/index.html - - - 200 - text/html;charset=utf-8 297.4861ms 
2025-03-08 15:49:49.1159 Info Request starting HTTP/2 GET https://localhost:7208/_framework/aspnetcore-browser-refresh.js - - 
2025-03-08 15:49:49.1204 Info Request finished HTTP/2 GET https://localhost:7208/_framework/aspnetcore-browser-refresh.js - - - 200 12380 application/javascript;+charset=utf-8 4.4658ms 
2025-03-08 15:49:49.1204 Info Request starting HTTP/2 GET https://localhost:7208/swagger/index.js - - 
2025-03-08 15:49:49.1204 Info Request starting HTTP/2 GET https://localhost:7208/_vs/browserLink - - 
2025-03-08 15:49:49.1204 Info Request finished HTTP/2 GET https://localhost:7208/swagger/index.js - - - 200 - application/javascript;charset=utf-8 7.3637ms 
2025-03-08 15:49:49.2164 Info Request finished HTTP/2 GET https://localhost:7208/_vs/browserLink - - - 200 - text/javascript;+charset=UTF-8 86.4894ms 
2025-03-08 15:49:49.2717 Info Request starting HTTP/2 GET https://localhost:7208/swagger/v1/swagger.json - - 
2025-03-08 15:49:49.2787 Info Request finished HTTP/2 GET https://localhost:7208/swagger/v1/swagger.json - - - 200 - application/json;charset=utf-8 6.9690ms 
2025-03-08 15:49:58.7540 Info Request starting HTTP/2 GET https://localhost:7208/HelloGreeting/4 - - 
2025-03-08 15:49:58.7654 Info Executing endpoint 'HelloGreetingApplication.Controllers.HelloGreetingController.GetById (HelloGreetingApplication)' 
2025-03-08 15:49:58.8516 Info Route matched with {action = "GetById", controller = "HelloGreeting"}. Executing controller action with signature Microsoft.AspNetCore.Mvc.IActionResult GetById(Int32) on controller HelloGreetingApplication.Controllers.HelloGreetingController (HelloGreetingApplication). 
2025-03-08 15:50:00.7927 Info Entity Framework Core 6.0.36 initialized 'GreetingContext' using provider 'Microsoft.EntityFrameworkCore.SqlServer:6.0.36' with options: None 
2025-03-08 15:50:03.0153 Info Executed DbCommand (232ms) [Parameters=[@__id_0='?' (DbType = Int32)], CommandType='Text', CommandTimeout='30']
SELECT TOP(1) [g].[Id], [g].[Message]
FROM [GreetingMessages] AS [g]
WHERE [g].[Id] = @__id_0 
2025-03-08 15:50:03.1627 Error Exception: Greeting not found! 
2025-03-08 15:50:03.2087 Info Executing ObjectResult, writing value of type '<>f__AnonymousType0`3[[System.Boolean, System.Private.CoreLib, Version=6.0.0.0, Culture=neutral, PublicKeyToken=7cec85d7bea7798e],[System.String, System.Private.CoreLib, Version=6.0.0.0, Culture=neutral, PublicKeyToken=7cec85d7bea7798e],[System.Int32, System.Private.CoreLib, Version=6.0.0.0, Culture=neutral, PublicKeyToken=7cec85d7bea7798e]]'. 
2025-03-08 15:50:03.2248 Info Executed action HelloGreetingApplication.Controllers.HelloGreetingController.GetById (HelloGreetingApplication) in 4363.8074ms 
2025-03-08 15:50:03.2248 Info Executed endpoint 'HelloGreetingApplication.Controllers.HelloGreetingController.GetById (HelloGreetingApplication)' 
2025-03-08 15:50:03.2379 Info Request finished HTTP/2 GET https://localhost:7208/HelloGreeting/4 - - - 404 - application/json;+charset=utf-8 4483.9593ms 
2025-03-08 16:05:47.3816 Info Starting application... 
2025-03-08 16:05:48.4301 Info Now listening on: https://localhost:7208 
2025-03-08 16:05:48.4301 Info Now listening on: http://localhost:5254 
2025-03-08 16:05:48.4976 Info Application started. Press Ctrl+C to shut down. 
2025-03-08 16:05:48.4976 Info Hosting environment: Development 
2025-03-08 16:05:48.4976 Info Content root path: C:\Users\Prashant\Desktop\GreetingApp\GreetingApp\HelloGreetingApplication\ 
2025-03-08 16:05:48.8510 Info Request starting HTTP/2 GET https://localhost:7208/swagger/index.html - - 
2025-03-08 16:05:49.1315 Info Request finished HTTP/2 GET https://localhost:7208/swagger/index.html - - - 200 - text/html;charset=utf-8 281.9780ms 
2025-03-08 16:05:49.1665 Info Request starting HTTP/2 GET https://localhost:7208/swagger/index.js - - 
2025-03-08 16:05:49.1543 Info Request starting HTTP/2 GET https://localhost:7208/_framework/aspnetcore-browser-refresh.js - - 
2025-03-08 16:05:49.1665 Info Request starting HTTP/2 GET https://localhost:7208/_vs/browserLink - - 
2025-03-08 16:05:49.1877 Info Request finished HTTP/2 GET https://localhost:7208/swagger/index.js - - - 200 - application/javascript;charset=utf-8 21.2560ms 
2025-03-08 16:05:49.1956 Info Request finished HTTP/2 GET https://localhost:7208/_framework/aspnetcore-browser-refresh.js - - - 200 12380 application/javascript;+charset=utf-8 41.1917ms 
2025-03-08 16:05:49.2575 Info Request finished HTTP/2 GET https://localhost:7208/_vs/browserLink - - - 200 - text/javascript;+charset=UTF-8 85.1351ms 
2025-03-08 16:05:49.2998 Info Request starting HTTP/2 GET https://localhost:7208/swagger/v1/swagger.json - - 
2025-03-08 16:05:49.3078 Info Request finished HTTP/2 GET https://localhost:7208/swagger/v1/swagger.json - - - 200 - application/json;charset=utf-8 7.9863ms 
2025-03-08 16:05:56.8435 Info Request starting HTTP/2 GET https://localhost:7208/HelloGreeting/4 - - 
2025-03-08 16:05:56.8516 Info Executing endpoint 'HelloGreetingApplication.Controllers.HelloGreetingController.GetById (HelloGreetingApplication)' 
2025-03-08 16:05:56.9320 Info Route matched with {action = "GetById", controller = "HelloGreeting"}. Executing controller action with signature Microsoft.AspNetCore.Mvc.IActionResult GetById(Int32) on controller HelloGreetingApplication.Controllers.HelloGreetingController (HelloGreetingApplication). 
2025-03-08 16:05:58.8927 Info Entity Framework Core 6.0.36 initialized 'GreetingContext' using provider 'Microsoft.EntityFrameworkCore.SqlServer:6.0.36' with options: None 
2025-03-08 16:06:01.2231 Info Executed DbCommand (235ms) [Parameters=[@__id_0='?' (DbType = Int32)], CommandType='Text', CommandTimeout='30']
SELECT TOP(1) [g].[Id], [g].[Message]
FROM [GreetingMessages] AS [g]
WHERE [g].[Id] = @__id_0 
2025-03-08 16:06:01.3759 Error Exception: Greeting not found! 
2025-03-08 16:06:01.3924 Info Executing ObjectResult, writing value of type '<>f__AnonymousType0`3[[System.Boolean, System.Private.CoreLib, Version=6.0.0.0, Culture=neutral, PublicKeyToken=7cec85d7bea7798e],[System.String, System.Private.CoreLib, Version=6.0.0.0, Culture=neutral, PublicKeyToken=7cec85d7bea7798e],[System.Int32, System.Private.CoreLib, Version=6.0.0.0, Culture=neutral, PublicKeyToken=7cec85d7bea7798e]]'. 
2025-03-08 16:06:01.4075 Info Executed action HelloGreetingApplication.Controllers.HelloGreetingController.GetById (HelloGreetingApplication) in 4467.8807ms 
2025-03-08 16:06:01.4588 Info Executed endpoint 'HelloGreetingApplication.Controllers.HelloGreetingController.GetById (HelloGreetingApplication)' 
2025-03-08 16:06:01.4872 Info Request finished HTTP/2 GET https://localhost:7208/HelloGreeting/4 - - - 404 - application/json;+charset=utf-8 4643.5933ms 
2025-03-20 21:53:53.3047 Info Starting application... 
2025-03-20 21:53:53.5029 Error Application startup failed. Microsoft.Extensions.Hosting.HostFactoryResolver+HostingListener+StopTheHostException: Exception of type 'Microsoft.Extensions.Hosting.HostFactoryResolver+HostingListener+StopTheHostException' was thrown.
   at Microsoft.Extensions.Hosting.HostFactoryResolver.HostingListener.OnNext(KeyValuePair`2 value)
   at System.Diagnostics.DiagnosticListener.Write(String name, Object value)
   at Microsoft.Extensions.Hosting.HostBuilder.Build()
   at Microsoft.AspNetCore.Builder.WebApplicationBuilder.Build()
   at Program.<Main>$(String[] args) in C:\Users\Prashant\Desktop\GreetingApp\GreetingApp\HelloGreetingApplication\Program.cs:line 38
2025-03-20 21:54:02.7497 Info Starting application... 
2025-03-20 21:54:02.8513 Error Application startup failed. Microsoft.Extensions.Hosting.HostFactoryResolver+HostingListener+StopTheHostException: Exception of type 'Microsoft.Extensions.Hosting.HostFactoryResolver+HostingListener+StopTheHostException' was thrown.
   at Microsoft.Extensions.Hosting.HostFactoryResolver.HostingListener.OnNext(KeyValuePair`2 value)
   at System.Diagnostics.DiagnosticListener.Write(String name, Object value)
   at Microsoft.Extensions.Hosting.HostBuilder.Build()
   at Microsoft.AspNetCore.Builder.WebApplicationBuilder.Build()
   at Program.<Main>$(String[] args) in C:\Users\Prashant\Desktop\GreetingApp\GreetingApp\HelloGreetingApplication\Program.cs:line 38
2025-03-20 21:54:16.1090 Info Starting application... 
2025-03-20 21:54:16.2323 Error Application startup failed. Microsoft.Extensions.Hosting.HostFactoryResolver+HostingListener+StopTheHostException: Exception of type 'Microsoft.Extensions.Hosting.HostFactoryResolver+HostingListener+StopTheHostException' was thrown.
   at Microsoft.Extensions.Hosting.HostFactoryResolver.HostingListener.OnNext(KeyValuePair`2 value)
   at System.Diagnostics.DiagnosticListener.Write(String name, Object value)
   at Microsoft.Extensions.Hosting.HostBuilder.Build()
   at Microsoft.AspNetCore.Builder.WebApplicationBuilder.Build()
   at Program.<Main>$(String[] args) in C:\Users\Prashant\Desktop\GreetingApp\GreetingApp\HelloGreetingApplication\Program.cs:line 38
2025-03-21 07:37:45.8648 Info Starting application... 
2025-03-21 07:37:47.5527 Info Now listening on: https://localhost:7208 
2025-03-21 07:37:47.5634 Info Now listening on: http://localhost:5254 
2025-03-21 07:37:47.6609 Info Application started. Press Ctrl+C to shut down. 
2025-03-21 07:37:47.6609 Info Hosting environment: Development 
2025-03-21 07:37:47.6609 Info Content root path: C:\Users\Prashant\Desktop\GreetingApp\GreetingApp\HelloGreetingApplication\ 
2025-03-21 07:37:48.3930 Info Request starting HTTP/2 GET https://localhost:7208/swagger/index.html - - 
2025-03-21 07:37:48.8178 Info Request finished HTTP/2 GET https://localhost:7208/swagger/index.html - - - 200 - text/html;charset=utf-8 429.6372ms 
2025-03-21 07:37:48.8241 Info Request starting HTTP/2 GET https://localhost:7208/swagger/swagger-ui.css - - 
2025-03-21 07:37:48.8241 Info Request starting HTTP/2 GET https://localhost:7208/_framework/aspnetcore-browser-refresh.js - - 
2025-03-21 07:37:48.8241 Info Request starting HTTP/2 GET https://localhost:7208/swagger/index.css - - 
2025-03-21 07:37:48.8241 Info Request starting HTTP/2 GET https://localhost:7208/swagger/swagger-ui-standalone-preset.js - - 
2025-03-21 07:37:48.8241 Info Request starting HTTP/2 GET https://localhost:7208/swagger/swagger-ui-bundle.js - - 
2025-03-21 07:37:48.8530 Info Request starting HTTP/2 GET https://localhost:7208/swagger/index.js - - 
2025-03-21 07:37:48.8530 Info Request starting HTTP/2 GET https://localhost:7208/_vs/browserLink - - 
2025-03-21 07:37:48.8530 Info Request finished HTTP/2 GET https://localhost:7208/swagger/index.js - - - 200 - application/javascript;charset=utf-8 5.3260ms 
2025-03-21 07:37:48.8831 Info Request finished HTTP/2 GET https://localhost:7208/_framework/aspnetcore-browser-refresh.js - - - 200 12380 application/javascript;+charset=utf-8 58.5625ms 
2025-03-21 07:37:48.8925 Info The file /swagger-ui.css was not modified 
2025-03-21 07:37:48.8925 Info The file /swagger-ui-bundle.js was not modified 
2025-03-21 07:37:48.8925 Info The file /index.css was not modified 
2025-03-21 07:37:48.8925 Info The file /swagger-ui-standalone-preset.js was not modified 
2025-03-21 07:37:48.8925 Info Request finished HTTP/2 GET https://localhost:7208/swagger/index.css - - - 304 - text/css 69.1768ms 
2025-03-21 07:37:48.8925 Info Request finished HTTP/2 GET https://localhost:7208/swagger/swagger-ui-standalone-preset.js - - - 304 - application/javascript 68.5250ms 
2025-03-21 07:37:48.8925 Info Request finished HTTP/2 GET https://localhost:7208/swagger/swagger-ui.css - - - 304 - text/css 69.4703ms 
2025-03-21 07:37:48.8925 Info Request finished HTTP/2 GET https://localhost:7208/swagger/swagger-ui-bundle.js - - - 304 - application/javascript 66.3639ms 
2025-03-21 07:37:49.0280 Info Request finished HTTP/2 GET https://localhost:7208/_vs/browserLink - - - 200 - text/javascript;+charset=UTF-8 175.0840ms 
2025-03-21 07:37:49.1421 Info Request starting HTTP/2 GET https://localhost:7208/swagger/v1/swagger.json - - 
2025-03-21 07:37:49.1505 Info Request finished HTTP/2 GET https://localhost:7208/swagger/v1/swagger.json - - - 200 - application/json;charset=utf-8 8.4274ms 
2025-03-21 07:37:49.1505 Info Request starting HTTP/2 GET https://localhost:7208/swagger/favicon-32x32.png - - 
2025-03-21 07:37:49.1708 Info Sending file. Request path: '/favicon-32x32.png'. Physical path: 'N/A' 
2025-03-21 07:37:49.1708 Info Request finished HTTP/2 GET https://localhost:7208/swagger/favicon-32x32.png - - - 200 628 image/png 9.7934ms 
2025-03-21 07:38:15.5914 Info Request starting HTTP/2 GET https://localhost:7208/HelloGreeting/all - - 
2025-03-21 07:38:15.6097 Info Executing endpoint 'HelloGreetingApplication.Controllers.HelloGreetingController.GetAll (HelloGreetingApplication)' 
2025-03-21 07:38:15.6543 Info Route matched with {action = "GetAll", controller = "HelloGreeting"}. Executing controller action with signature Microsoft.AspNetCore.Mvc.IActionResult GetAll() on controller HelloGreetingApplication.Controllers.HelloGreetingController (HelloGreetingApplication). 
2025-03-21 07:38:17.6359 Info Entity Framework Core 6.0.36 initialized 'GreetingContext' using provider 'Microsoft.EntityFrameworkCore.SqlServer:6.0.36' with options: None 
2025-03-21 07:38:19.7734 Info Executed DbCommand (104ms) [Parameters=[], CommandType='Text', CommandTimeout='30']
SELECT [g].[Id], [g].[Message]
FROM [GreetingMessages] AS [g] 
2025-03-21 07:38:19.9698 Info Executing OkObjectResult, writing value of type '<>f__AnonymousType1`2[[System.Boolean, System.Private.CoreLib, Version=6.0.0.0, Culture=neutral, PublicKeyToken=7cec85d7bea7798e],[System.Collections.Generic.List`1[[ModelLayer.Model.Entities.Greeting, ModelLayer, Version=1.0.0.0, Culture=neutral, PublicKeyToken=null]], System.Private.CoreLib, Version=6.0.0.0, Culture=neutral, PublicKeyToken=7cec85d7bea7798e]]'. 
2025-03-21 07:38:19.9924 Info Executed action HelloGreetingApplication.Controllers.HelloGreetingController.GetAll (HelloGreetingApplication) in 4327.8697ms 
2025-03-21 07:38:19.9924 Info Executed endpoint 'HelloGreetingApplication.Controllers.HelloGreetingController.GetAll (HelloGreetingApplication)' 
2025-03-21 07:38:20.0343 Info Request finished HTTP/2 GET https://localhost:7208/HelloGreeting/all - - - 200 - application/json;+charset=utf-8 4442.9172ms 
2025-03-21 07:51:34.3683 Info Starting application... 
2025-03-21 07:51:35.4374 Info Now listening on: https://localhost:7208 
2025-03-21 07:51:35.4374 Info Now listening on: http://localhost:5254 
2025-03-21 07:51:35.5106 Info Application started. Press Ctrl+C to shut down. 
2025-03-21 07:51:35.5106 Info Hosting environment: Development 
2025-03-21 07:51:35.5106 Info Content root path: C:\Users\Prashant\Desktop\GreetingApp\GreetingApp\HelloGreetingApplication\ 
2025-03-21 07:51:36.7274 Info Request starting HTTP/2 GET https://localhost:7208/swagger/index.html - - 
2025-03-21 07:51:37.1332 Info Request finished HTTP/2 GET https://localhost:7208/swagger/index.html - - - 200 - text/html;charset=utf-8 411.7634ms 
2025-03-21 07:51:37.1543 Info Request starting HTTP/2 GET https://localhost:7208/_framework/aspnetcore-browser-refresh.js - - 
2025-03-21 07:51:37.1664 Info Request starting HTTP/2 GET https://localhost:7208/swagger/index.js - - 
2025-03-21 07:51:37.1664 Info Request starting HTTP/2 GET https://localhost:7208/_vs/browserLink - - 
2025-03-21 07:51:37.1664 Info Request finished HTTP/2 GET https://localhost:7208/swagger/index.js - - - 200 - application/javascript;charset=utf-8 2.5554ms 
2025-03-21 07:51:37.1664 Info Request finished HTTP/2 GET https://localhost:7208/_framework/aspnetcore-browser-refresh.js - - - 200 12380 application/javascript;+charset=utf-8 17.5231ms 
2025-03-21 07:51:37.3002 Info Request finished HTTP/2 GET https://localhost:7208/_vs/browserLink - - - 200 - text/javascript;+charset=UTF-8 133.3005ms 
2025-03-21 07:51:37.5192 Info Request starting HTTP/2 GET https://localhost:7208/swagger/v1/swagger.json - - 
2025-03-21 07:51:37.5273 Info Request finished HTTP/2 GET https://localhost:7208/swagger/v1/swagger.json - - - 200 - application/json;charset=utf-8 8.1617ms 
2025-03-21 08:19:53.0025 Info Starting application... 
2025-03-21 08:19:53.9403 Info Now listening on: https://localhost:7208 
2025-03-21 08:19:53.9403 Info Now listening on: http://localhost:5254 
2025-03-21 08:19:53.9805 Info Application started. Press Ctrl+C to shut down. 
2025-03-21 08:19:53.9805 Info Hosting environment: Development 
2025-03-21 08:19:53.9805 Info Content root path: C:\Users\Prashant\Desktop\GreetingApp\GreetingApp\HelloGreetingApplication\ 
2025-03-21 08:19:54.7263 Info Request starting HTTP/2 GET https://localhost:7208/swagger/index.html - - 
2025-03-21 08:19:54.9833 Info Request finished HTTP/2 GET https://localhost:7208/swagger/index.html - - - 200 - text/html;charset=utf-8 258.7594ms 
2025-03-21 08:19:54.9833 Info Request starting HTTP/2 GET https://localhost:7208/_framework/aspnetcore-browser-refresh.js - - 
2025-03-21 08:19:54.9833 Info Request starting HTTP/2 GET https://localhost:7208/_vs/browserLink - - 
2025-03-21 08:19:54.9833 Info Request starting HTTP/2 GET https://localhost:7208/swagger/index.js - - 
2025-03-21 08:19:54.9953 Info Request finished HTTP/2 GET https://localhost:7208/swagger/index.js - - - 200 - application/javascript;charset=utf-8 2.4819ms 
2025-03-21 08:19:54.9953 Info Request finished HTTP/2 GET https://localhost:7208/_framework/aspnetcore-browser-refresh.js - - - 200 12380 application/javascript;+charset=utf-8 5.6374ms 
2025-03-21 08:19:55.0473 Info Request finished HTTP/2 GET https://localhost:7208/_vs/browserLink - - - 200 - text/javascript;+charset=UTF-8 54.4629ms 
2025-03-21 08:19:55.1536 Info Request starting HTTP/2 GET https://localhost:7208/swagger/v1/swagger.json - - 
2025-03-21 08:19:55.1536 Info Request finished HTTP/2 GET https://localhost:7208/swagger/v1/swagger.json - - - 200 - application/json;charset=utf-8 5.8565ms 
2025-03-21 08:20:16.8041 Info Request starting HTTP/2 POST https://localhost:7208/api/Reg/register application/json 106 
2025-03-21 08:20:16.8109 Info Executing endpoint 'Register_JWT.Controllers.RegController.Register (HelloGreetingApplication)' 
2025-03-21 08:20:16.8599 Info Route matched with {action = "Register", controller = "Reg"}. Executing controller action with signature System.Threading.Tasks.Task`1[Microsoft.AspNetCore.Mvc.IActionResult] Register(ModelLayer.Model.DTO.RegisterDTO) on controller Register_JWT.Controllers.RegController (HelloGreetingApplication). 
2025-03-21 08:20:17.7778 Info Entity Framework Core 6.0.36 initialized 'GreetingContext' using provider 'Microsoft.EntityFrameworkCore.SqlServer:6.0.36' with options: None 
2025-03-21 08:20:18.8641 Info Executed DbCommand (91ms) [Parameters=[@__email_0='?' (Size = 4000)], CommandType='Text', CommandTimeout='30']
SELECT TOP(1) [u].[Id], [u].[Email], [u].[FirstName], [u].[LastName], [u].[Password]
FROM [Users] AS [u]
WHERE [u].[Email] = @__email_0 
2025-03-21 08:20:19.0835 Info Executed DbCommand (29ms) [Parameters=[@p0='?' (Size = 4000), @p1='?' (Size = 4000), @p2='?' (Size = 4000), @p3='?' (Size = 4000)], CommandType='Text', CommandTimeout='30']
SET NOCOUNT ON;
INSERT INTO [Users] ([Email], [FirstName], [LastName], [Password])
VALUES (@p0, @p1, @p2, @p3);
SELECT [Id]
FROM [Users]
WHERE @@ROWCOUNT = 1 AND [Id] = scope_identity(); 
2025-03-21 08:20:19.1619 Info Executing OkObjectResult, writing value of type '<>f__AnonymousType2`1[[System.String, System.Private.CoreLib, Version=6.0.0.0, Culture=neutral, PublicKeyToken=7cec85d7bea7798e]]'. 
2025-03-21 08:20:19.1682 Info Executed action Register_JWT.Controllers.RegController.Register (HelloGreetingApplication) in 2304.7603ms 
2025-03-21 08:20:19.1682 Info Executed endpoint 'Register_JWT.Controllers.RegController.Register (HelloGreetingApplication)' 
2025-03-21 08:20:19.1682 Info Request finished HTTP/2 POST https://localhost:7208/api/Reg/register application/json 106 - 200 - application/json;+charset=utf-8 2373.6788ms 
2025-03-21 08:20:44.5896 Info Request starting HTTP/2 POST https://localhost:7208/api/Reg/login application/json 57 
2025-03-21 08:20:44.6032 Info Executing endpoint 'Register_JWT.Controllers.RegController.Login (HelloGreetingApplication)' 
2025-03-21 08:20:44.6032 Info Route matched with {action = "Login", controller = "Reg"}. Executing controller action with signature System.Threading.Tasks.Task`1[Microsoft.AspNetCore.Mvc.IActionResult] Login(ModelLayer.Model.DTO.LoginDTO) on controller Register_JWT.Controllers.RegController (HelloGreetingApplication). 
2025-03-21 08:20:44.6503 Info Entity Framework Core 6.0.36 initialized 'GreetingContext' using provider 'Microsoft.EntityFrameworkCore.SqlServer:6.0.36' with options: None 
2025-03-21 08:20:44.6949 Info Executed DbCommand (33ms) [Parameters=[@__email_0='?' (Size = 4000)], CommandType='Text', CommandTimeout='30']
SELECT TOP(1) [u].[Id], [u].[Email], [u].[FirstName], [u].[LastName], [u].[Password]
FROM [Users] AS [u]
WHERE [u].[Email] = @__email_0 
2025-03-21 08:20:56.4165 Error Exception: Object reference not set to an instance of an object. 
2025-03-21 08:20:56.4165 Info Executing ObjectResult, writing value of type '<>f__AnonymousType0`3[[System.Boolean, System.Private.CoreLib, Version=6.0.0.0, Culture=neutral, PublicKeyToken=7cec85d7bea7798e],[System.String, System.Private.CoreLib, Version=6.0.0.0, Culture=neutral, PublicKeyToken=7cec85d7bea7798e],[System.Int32, System.Private.CoreLib, Version=6.0.0.0, Culture=neutral, PublicKeyToken=7cec85d7bea7798e]]'. 
2025-03-21 08:20:56.4165 Info Executed action Register_JWT.Controllers.RegController.Login (HelloGreetingApplication) in 11807.5353ms 
2025-03-21 08:20:56.4165 Info Executed endpoint 'Register_JWT.Controllers.RegController.Login (HelloGreetingApplication)' 
2025-03-21 08:20:56.4165 Info Request finished HTTP/2 POST https://localhost:7208/api/Reg/login application/json 57 - 500 - application/json;+charset=utf-8 11829.0590ms 
2025-03-21 08:25:21.9392 Info Starting application... 
2025-03-21 08:25:22.0476 Error Application startup failed. Microsoft.Extensions.Hosting.HostFactoryResolver+HostingListener+StopTheHostException: Exception of type 'Microsoft.Extensions.Hosting.HostFactoryResolver+HostingListener+StopTheHostException' was thrown.
   at Microsoft.Extensions.Hosting.HostFactoryResolver.HostingListener.OnNext(KeyValuePair`2 value)
   at System.Diagnostics.DiagnosticListener.Write(String name, Object value)
   at Microsoft.Extensions.Hosting.HostBuilder.Build()
   at Microsoft.AspNetCore.Builder.WebApplicationBuilder.Build()
   at Program.<Main>$(String[] args) in C:\Users\Prashant\Desktop\GreetingApp\GreetingApp\HelloGreetingApplication\Program.cs:line 38
2025-03-21 08:31:24.2272 Info Starting application... 
2025-03-21 08:31:25.0364 Info Now listening on: https://localhost:7208 
2025-03-21 08:31:25.0424 Info Now listening on: http://localhost:5254 
2025-03-21 08:31:25.0832 Info Application started. Press Ctrl+C to shut down. 
2025-03-21 08:31:25.0832 Info Hosting environment: Development 
2025-03-21 08:31:25.0832 Info Content root path: C:\Users\Prashant\Desktop\GreetingApp\GreetingApp\HelloGreetingApplication\ 
2025-03-21 08:31:25.5294 Info Request starting HTTP/2 GET https://localhost:7208/swagger/index.html - - 
2025-03-21 08:31:25.7691 Info Request finished HTTP/2 GET https://localhost:7208/swagger/index.html - - - 200 - text/html;charset=utf-8 241.1611ms 
2025-03-21 08:31:25.7824 Info Request starting HTTP/2 GET https://localhost:7208/_framework/aspnetcore-browser-refresh.js - - 
2025-03-21 08:31:25.7824 Info Request starting HTTP/2 GET https://localhost:7208/_vs/browserLink - - 
2025-03-21 08:31:25.7824 Info Request starting HTTP/2 GET https://localhost:7208/swagger/index.js - - 
2025-03-21 08:31:25.7824 Info Request finished HTTP/2 GET https://localhost:7208/swagger/index.js - - - 200 - application/javascript;charset=utf-8 2.2129ms 
2025-03-21 08:31:25.7824 Info Request finished HTTP/2 GET https://localhost:7208/_framework/aspnetcore-browser-refresh.js - - - 200 12380 application/javascript;+charset=utf-8 5.0438ms 
2025-03-21 08:31:25.8375 Info Request finished HTTP/2 GET https://localhost:7208/_vs/browserLink - - - 200 - text/javascript;+charset=UTF-8 55.2514ms 
2025-03-21 08:31:25.9137 Info Request starting HTTP/2 GET https://localhost:7208/swagger/v1/swagger.json - - 
2025-03-21 08:31:25.9190 Info Request finished HTTP/2 GET https://localhost:7208/swagger/v1/swagger.json - - - 200 - application/json;charset=utf-8 5.3242ms 
2025-03-21 08:31:39.9729 Info Request starting HTTP/2 POST https://localhost:7208/api/Reg/login application/json 57 
2025-03-21 08:31:39.9809 Info Executing endpoint 'Register_JWT.Controllers.RegController.Login (HelloGreetingApplication)' 
2025-03-21 08:31:40.0485 Info Route matched with {action = "Login", controller = "Reg"}. Executing controller action with signature System.Threading.Tasks.Task`1[Microsoft.AspNetCore.Mvc.IActionResult] Login(ModelLayer.Model.DTO.LoginDTO) on controller Register_JWT.Controllers.RegController (HelloGreetingApplication). 
2025-03-21 08:31:41.2207 Info Entity Framework Core 6.0.36 initialized 'GreetingContext' using provider 'Microsoft.EntityFrameworkCore.SqlServer:6.0.36' with options: None 
2025-03-21 08:31:42.6794 Info Executed DbCommand (131ms) [Parameters=[@__email_0='?' (Size = 4000)], CommandType='Text', CommandTimeout='30']
SELECT TOP(1) [u].[Id], [u].[Email], [u].[FirstName], [u].[LastName], [u].[Password]
FROM [Users] AS [u]
WHERE [u].[Email] = @__email_0 
2025-03-21 08:32:07.4890 Error Exception: Object reference not set to an instance of an object. 
2025-03-21 08:32:07.4982 Info Executing ObjectResult, writing value of type '<>f__AnonymousType0`3[[System.Boolean, System.Private.CoreLib, Version=6.0.0.0, Culture=neutral, PublicKeyToken=7cec85d7bea7798e],[System.String, System.Private.CoreLib, Version=6.0.0.0, Culture=neutral, PublicKeyToken=7cec85d7bea7798e],[System.Int32, System.Private.CoreLib, Version=6.0.0.0, Culture=neutral, PublicKeyToken=7cec85d7bea7798e]]'. 
2025-03-21 08:32:07.5113 Info Executed action Register_JWT.Controllers.RegController.Login (HelloGreetingApplication) in 27453.4251ms 
2025-03-21 08:32:07.5113 Info Executed endpoint 'Register_JWT.Controllers.RegController.Login (HelloGreetingApplication)' 
2025-03-21 08:32:07.5355 Info Request finished HTTP/2 POST https://localhost:7208/api/Reg/login application/json 57 - 500 - application/json;+charset=utf-8 27562.6044ms 
2025-03-21 08:32:25.8029 Info Starting application... 
2025-03-21 08:32:26.0522 Info Now listening on: https://localhost:7208 
2025-03-21 08:32:26.0561 Info Now listening on: http://localhost:5254 
2025-03-21 08:32:26.0815 Info Application started. Press Ctrl+C to shut down. 
2025-03-21 08:32:26.0815 Info Hosting environment: Development 
2025-03-21 08:32:26.0815 Info Content root path: C:\Users\Prashant\Desktop\GreetingApp\GreetingApp\HelloGreetingApplication\ 
2025-03-21 08:32:26.6749 Info Request starting HTTP/2 GET https://localhost:7208/swagger/index.html - - 
2025-03-21 08:32:26.7874 Info Request finished HTTP/2 GET https://localhost:7208/swagger/index.html - - - 200 - text/html;charset=utf-8 112.9038ms 
2025-03-21 08:32:26.8007 Info Request starting HTTP/2 GET https://localhost:7208/_framework/aspnetcore-browser-refresh.js - - 
2025-03-21 08:32:26.8007 Info Request starting HTTP/2 GET https://localhost:7208/swagger/index.js - - 
2025-03-21 08:32:26.8007 Info Request finished HTTP/2 GET https://localhost:7208/_framework/aspnetcore-browser-refresh.js - - - 200 12380 application/javascript;+charset=utf-8 2.6668ms 
2025-03-21 08:32:26.8007 Info Request finished HTTP/2 GET https://localhost:7208/swagger/index.js - - - 200 - application/javascript;charset=utf-8 2.7164ms 
2025-03-21 08:32:26.8095 Info Request starting HTTP/2 GET https://localhost:7208/_vs/browserLink - - 
2025-03-21 08:32:26.8391 Info Request finished HTTP/2 GET https://localhost:7208/_vs/browserLink - - - 200 - text/javascript;+charset=UTF-8 29.5918ms 
2025-03-21 08:32:27.1010 Info Request starting HTTP/2 GET https://localhost:7208/swagger/v1/swagger.json - - 
2025-03-21 08:32:27.1055 Info Request finished HTTP/2 GET https://localhost:7208/swagger/v1/swagger.json - - - 200 - application/json;charset=utf-8 4.4728ms 
2025-03-21 08:32:40.4476 Info Request starting HTTP/2 POST https://localhost:7208/api/Reg/login application/json 57 
2025-03-21 08:32:40.4476 Info Executing endpoint 'Register_JWT.Controllers.RegController.Login (HelloGreetingApplication)' 
2025-03-21 08:32:40.5081 Info Route matched with {action = "Login", controller = "Reg"}. Executing controller action with signature System.Threading.Tasks.Task`1[Microsoft.AspNetCore.Mvc.IActionResult] Login(ModelLayer.Model.DTO.LoginDTO) on controller Register_JWT.Controllers.RegController (HelloGreetingApplication). 
2025-03-21 08:32:41.3318 Info Entity Framework Core 6.0.36 initialized 'GreetingContext' using provider 'Microsoft.EntityFrameworkCore.SqlServer:6.0.36' with options: None 
2025-03-21 08:32:42.1042 Info Executed DbCommand (92ms) [Parameters=[@__email_0='?' (Size = 4000)], CommandType='Text', CommandTimeout='30']
SELECT TOP(1) [u].[Id], [u].[Email], [u].[FirstName], [u].[LastName], [u].[Password]
FROM [Users] AS [u]
WHERE [u].[Email] = @__email_0 
2025-03-21 08:32:42.2360 Error Exception: Object reference not set to an instance of an object. 
2025-03-21 08:32:42.2360 Info Executing ObjectResult, writing value of type '<>f__AnonymousType0`3[[System.Boolean, System.Private.CoreLib, Version=6.0.0.0, Culture=neutral, PublicKeyToken=7cec85d7bea7798e],[System.String, System.Private.CoreLib, Version=6.0.0.0, Culture=neutral, PublicKeyToken=7cec85d7bea7798e],[System.Int32, System.Private.CoreLib, Version=6.0.0.0, Culture=neutral, PublicKeyToken=7cec85d7bea7798e]]'. 
2025-03-21 08:32:42.2473 Info Executed action Register_JWT.Controllers.RegController.Login (HelloGreetingApplication) in 1736.0324ms 
2025-03-21 08:32:42.2473 Info Executed endpoint 'Register_JWT.Controllers.RegController.Login (HelloGreetingApplication)' 
2025-03-21 08:32:42.2473 Info Request finished HTTP/2 POST https://localhost:7208/api/Reg/login application/json 57 - 500 - application/json;+charset=utf-8 1804.5929ms 
2025-03-21 08:33:16.7109 Info Starting application... 
2025-03-21 08:33:17.5595 Info Now listening on: https://localhost:7208 
2025-03-21 08:33:17.5595 Info Now listening on: http://localhost:5254 
2025-03-21 08:33:17.6027 Info Application started. Press Ctrl+C to shut down. 
2025-03-21 08:33:17.6027 Info Hosting environment: Development 
2025-03-21 08:33:17.6027 Info Content root path: C:\Users\Prashant\Desktop\GreetingApp\GreetingApp\HelloGreetingApplication\ 
2025-03-21 08:33:18.4519 Info Request starting HTTP/2 GET https://localhost:7208/swagger/index.html - - 
2025-03-21 08:33:18.6818 Info Request finished HTTP/2 GET https://localhost:7208/swagger/index.html - - - 200 - text/html;charset=utf-8 231.7808ms 
2025-03-21 08:33:18.6818 Info Request starting HTTP/2 GET https://localhost:7208/_framework/aspnetcore-browser-refresh.js - - 
2025-03-21 08:33:18.6818 Info Request starting HTTP/2 GET https://localhost:7208/swagger/index.js - - 
2025-03-21 08:33:18.6818 Info Request starting HTTP/2 GET https://localhost:7208/_vs/browserLink - - 
2025-03-21 08:33:18.6818 Info Request finished HTTP/2 GET https://localhost:7208/swagger/index.js - - - 200 - application/javascript;charset=utf-8 2.5668ms 
2025-03-21 08:33:18.6818 Info Request finished HTTP/2 GET https://localhost:7208/_framework/aspnetcore-browser-refresh.js - - - 200 12380 application/javascript;+charset=utf-8 4.5658ms 
2025-03-21 08:33:18.7423 Info Request finished HTTP/2 GET https://localhost:7208/_vs/browserLink - - - 200 - text/javascript;+charset=UTF-8 51.2390ms 
2025-03-21 08:33:18.8373 Info Request starting HTTP/2 GET https://localhost:7208/swagger/v1/swagger.json - - 
2025-03-21 08:33:18.8455 Info Request finished HTTP/2 GET https://localhost:7208/swagger/v1/swagger.json - - - 200 - application/json;charset=utf-8 8.1338ms 
2025-03-21 08:39:25.8966 Info Request starting HTTP/2 POST https://localhost:7208/api/Reg/login application/json 57 
2025-03-21 08:39:25.9171 Info Executing endpoint 'Register_JWT.Controllers.RegController.Login (HelloGreetingApplication)' 
2025-03-21 08:39:25.9543 Info Route matched with {action = "Login", controller = "Reg"}. Executing controller action with signature System.Threading.Tasks.Task`1[Microsoft.AspNetCore.Mvc.IActionResult] Login(ModelLayer.Model.DTO.LoginDTO) on controller Register_JWT.Controllers.RegController (HelloGreetingApplication). 
2025-03-21 08:39:26.6880 Info Entity Framework Core 6.0.36 initialized 'GreetingContext' using provider 'Microsoft.EntityFrameworkCore.SqlServer:6.0.36' with options: None 
2025-03-21 08:39:27.5408 Info Executed DbCommand (77ms) [Parameters=[@__email_0='?' (Size = 4000)], CommandType='Text', CommandTimeout='30']
SELECT TOP(1) [u].[Id], [u].[Email], [u].[FirstName], [u].[LastName], [u].[Password]
FROM [Users] AS [u]
WHERE [u].[Email] = @__email_0 
2025-03-21 08:42:20.5000 Error Exception: Object reference not set to an instance of an object. 
2025-03-21 08:42:20.5000 Info Executing ObjectResult, writing value of type '<>f__AnonymousType0`3[[System.Boolean, System.Private.CoreLib, Version=6.0.0.0, Culture=neutral, PublicKeyToken=7cec85d7bea7798e],[System.String, System.Private.CoreLib, Version=6.0.0.0, Culture=neutral, PublicKeyToken=7cec85d7bea7798e],[System.Int32, System.Private.CoreLib, Version=6.0.0.0, Culture=neutral, PublicKeyToken=7cec85d7bea7798e]]'. 
2025-03-21 08:42:20.5241 Info Executed action Register_JWT.Controllers.RegController.Login (HelloGreetingApplication) in 174554.779ms 
2025-03-21 08:42:20.5249 Info Executed endpoint 'Register_JWT.Controllers.RegController.Login (HelloGreetingApplication)' 
2025-03-21 08:42:20.5249 Info Request finished HTTP/2 POST https://localhost:7208/api/Reg/login application/json 57 - 500 - application/json;+charset=utf-8 174636.6059ms 
2025-03-21 08:45:19.5260 Info Starting application... 
2025-03-21 08:45:19.7785 Info Now listening on: https://localhost:7208 
2025-03-21 08:45:19.7785 Info Now listening on: http://localhost:5254 
2025-03-21 08:45:19.8096 Info Application started. Press Ctrl+C to shut down. 
2025-03-21 08:45:19.8096 Info Hosting environment: Development 
2025-03-21 08:45:19.8096 Info Content root path: C:\Users\Prashant\Desktop\GreetingApp\GreetingApp\HelloGreetingApplication\ 
2025-03-21 08:45:20.4200 Info Request starting HTTP/2 GET https://localhost:7208/swagger/index.html - - 
2025-03-21 08:45:20.5305 Info Request finished HTTP/2 GET https://localhost:7208/swagger/index.html - - - 200 - text/html;charset=utf-8 111.0981ms 
2025-03-21 08:45:20.5421 Info Request starting HTTP/2 GET https://localhost:7208/_framework/aspnetcore-browser-refresh.js - - 
2025-03-21 08:45:20.5421 Info Request starting HTTP/2 GET https://localhost:7208/swagger/index.js - - 
2025-03-21 08:45:20.5421 Info Request finished HTTP/2 GET https://localhost:7208/swagger/index.js - - - 200 - application/javascript;charset=utf-8 2.7924ms 
2025-03-21 08:45:20.5421 Info Request finished HTTP/2 GET https://localhost:7208/_framework/aspnetcore-browser-refresh.js - - - 200 12380 application/javascript;+charset=utf-8 3.7807ms 
2025-03-21 08:45:20.5421 Info Request starting HTTP/2 GET https://localhost:7208/_vs/browserLink - - 
2025-03-21 08:45:20.5683 Info Request finished HTTP/2 GET https://localhost:7208/_vs/browserLink - - - 200 - text/javascript;+charset=UTF-8 20.7175ms 
2025-03-21 08:45:20.8205 Info Request starting HTTP/2 GET https://localhost:7208/swagger/v1/swagger.json - - 
2025-03-21 08:45:20.8269 Info Request finished HTTP/2 GET https://localhost:7208/swagger/v1/swagger.json - - - 200 - application/json;charset=utf-8 6.4399ms 
2025-03-21 08:45:34.3785 Info Request starting HTTP/2 POST https://localhost:7208/api/Reg/login application/json 57 
2025-03-21 08:45:34.3785 Info Executing endpoint 'Register_JWT.Controllers.RegController.Login (HelloGreetingApplication)' 
2025-03-21 08:45:34.4322 Info Route matched with {action = "Login", controller = "Reg"}. Executing controller action with signature System.Threading.Tasks.Task`1[Microsoft.AspNetCore.Mvc.IActionResult] Login(ModelLayer.Model.DTO.LoginDTO) on controller Register_JWT.Controllers.RegController (HelloGreetingApplication). 
2025-03-21 08:45:35.2519 Info Entity Framework Core 6.0.36 initialized 'GreetingContext' using provider 'Microsoft.EntityFrameworkCore.SqlServer:6.0.36' with options: None 
2025-03-21 08:45:36.0537 Info Executed DbCommand (83ms) [Parameters=[@__email_0='?' (Size = 4000)], CommandType='Text', CommandTimeout='30']
SELECT TOP(1) [u].[Id], [u].[Email], [u].[FirstName], [u].[LastName], [u].[Password]
FROM [Users] AS [u]
WHERE [u].[Email] = @__email_0 
2025-03-21 08:45:36.2673 Info Executing OkObjectResult, writing value of type '<>f__AnonymousType3`1[[System.String, System.Private.CoreLib, Version=6.0.0.0, Culture=neutral, PublicKeyToken=7cec85d7bea7798e]]'. 
2025-03-21 08:45:36.2673 Info Executed action Register_JWT.Controllers.RegController.Login (HelloGreetingApplication) in 1837.1193ms 
2025-03-21 08:45:36.2755 Info Executed endpoint 'Register_JWT.Controllers.RegController.Login (HelloGreetingApplication)' 
2025-03-21 08:45:36.2755 Info Request finished HTTP/2 POST https://localhost:7208/api/Reg/login application/json 57 - 200 - application/json;+charset=utf-8 1906.4564ms 
2025-03-21 11:20:52.2116 Info Starting application... 
2025-03-21 11:20:53.6704 Info Now listening on: https://localhost:7208 
2025-03-21 11:20:53.6817 Info Now listening on: http://localhost:5254 
2025-03-21 11:20:53.7382 Info Application started. Press Ctrl+C to shut down. 
2025-03-21 11:20:53.7382 Info Hosting environment: Development 
2025-03-21 11:20:53.7382 Info Content root path: C:\Users\Prashant\Desktop\GreetingApp\GreetingApp\HelloGreetingApplication\ 
2025-03-21 11:20:54.5984 Info Request starting HTTP/2 GET https://localhost:7208/swagger/index.html - - 
2025-03-21 11:20:54.9904 Info Request finished HTTP/2 GET https://localhost:7208/swagger/index.html - - - 200 - text/html;charset=utf-8 394.2189ms 
2025-03-21 11:20:55.0295 Info Request starting HTTP/2 GET https://localhost:7208/swagger/index.js - - 
2025-03-21 11:20:55.0295 Info Request starting HTTP/2 GET https://localhost:7208/_framework/aspnetcore-browser-refresh.js - - 
2025-03-21 11:20:55.0295 Info Request starting HTTP/2 GET https://localhost:7208/_vs/browserLink - - 
2025-03-21 11:20:55.0788 Info Request finished HTTP/2 GET https://localhost:7208/_framework/aspnetcore-browser-refresh.js - - - 200 12380 application/javascript;+charset=utf-8 49.1534ms 
2025-03-21 11:20:55.0788 Info Request finished HTTP/2 GET https://localhost:7208/swagger/index.js - - - 200 - application/javascript;charset=utf-8 53.3147ms 
2025-03-21 11:20:55.2537 Info Request finished HTTP/2 GET https://localhost:7208/_vs/browserLink - - - 200 - text/javascript;+charset=UTF-8 222.3670ms 
2025-03-21 11:20:55.3264 Info Request starting HTTP/2 GET https://localhost:7208/swagger/v1/swagger.json - - 
2025-03-21 11:20:55.3378 Info Request finished HTTP/2 GET https://localhost:7208/swagger/v1/swagger.json - - - 200 - application/json;charset=utf-8 11.4237ms 
2025-03-21 11:21:12.9450 Info Request starting HTTP/2 POST https://localhost:7208/api/Reg/login application/json 57 
2025-03-21 11:21:13.0214 Info Executing endpoint 'Register_JWT.Controllers.RegController.Login (HelloGreetingApplication)' 
2025-03-21 11:21:13.0941 Info Route matched with {action = "Login", controller = "Reg"}. Executing controller action with signature System.Threading.Tasks.Task`1[Microsoft.AspNetCore.Mvc.IActionResult] Login(ModelLayer.Model.DTO.LoginDTO) on controller Register_JWT.Controllers.RegController (HelloGreetingApplication). 
2025-03-21 11:21:14.0727 Info Entity Framework Core 6.0.36 initialized 'GreetingContext' using provider 'Microsoft.EntityFrameworkCore.SqlServer:6.0.36' with options: None 
2025-03-21 11:21:15.1635 Info Executed DbCommand (85ms) [Parameters=[@__email_0='?' (Size = 4000)], CommandType='Text', CommandTimeout='30']
SELECT TOP(1) [u].[Id], [u].[Email], [u].[FirstName], [u].[LastName], [u].[Password]
FROM [Users] AS [u]
WHERE [u].[Email] = @__email_0 
2025-03-21 11:21:15.5329 Info Executing OkObjectResult, writing value of type '<>f__AnonymousType3`1[[System.String, System.Private.CoreLib, Version=6.0.0.0, Culture=neutral, PublicKeyToken=7cec85d7bea7798e]]'. 
2025-03-21 11:21:15.5329 Info Executed action Register_JWT.Controllers.RegController.Login (HelloGreetingApplication) in 2441.316ms 
2025-03-21 11:21:15.5329 Info Executed endpoint 'Register_JWT.Controllers.RegController.Login (HelloGreetingApplication)' 
2025-03-21 11:21:15.5504 Info Request finished HTTP/2 POST https://localhost:7208/api/Reg/login application/json 57 - 200 - application/json;+charset=utf-8 2605.4576ms 
2025-03-21 11:54:30.8286 Info Starting application... 
2025-03-21 11:54:31.8197 Info Now listening on: https://localhost:7208 
2025-03-21 11:54:31.8761 Info Now listening on: http://localhost:5254 
2025-03-21 11:54:31.9159 Info Application started. Press Ctrl+C to shut down. 
2025-03-21 11:54:31.9159 Info Hosting environment: Development 
2025-03-21 11:54:31.9159 Info Content root path: C:\Users\Prashant\Desktop\GreetingApp\GreetingApp\HelloGreetingApplication\ 
2025-03-21 11:54:32.4096 Info Request starting HTTP/2 GET https://localhost:7208/swagger/index.html - - 
2025-03-21 11:54:32.6592 Info Request finished HTTP/2 GET https://localhost:7208/swagger/index.html - - - 200 - text/html;charset=utf-8 251.7361ms 
2025-03-21 11:54:32.6879 Info Request starting HTTP/2 GET https://localhost:7208/_framework/aspnetcore-browser-refresh.js - - 
2025-03-21 11:54:32.6879 Info Request starting HTTP/2 GET https://localhost:7208/swagger/index.js - - 
2025-03-21 11:54:32.6879 Info Request finished HTTP/2 GET https://localhost:7208/swagger/index.js - - - 200 - application/javascript;charset=utf-8 1.9221ms 
2025-03-21 11:54:32.6879 Info Request starting HTTP/2 GET https://localhost:7208/_vs/browserLink - - 
2025-03-21 11:54:32.7199 Info Request finished HTTP/2 GET https://localhost:7208/_framework/aspnetcore-browser-refresh.js - - - 200 12380 application/javascript;+charset=utf-8 31.9177ms 
2025-03-21 11:54:32.7886 Info Request finished HTTP/2 GET https://localhost:7208/_vs/browserLink - - - 200 - text/javascript;+charset=UTF-8 95.9016ms 
2025-03-21 11:54:33.1454 Info Request starting HTTP/2 GET https://localhost:7208/swagger/v1/swagger.json - - 
2025-03-21 11:54:33.1543 Info Request finished HTTP/2 GET https://localhost:7208/swagger/v1/swagger.json - - - 200 - application/json;charset=utf-8 9.0373ms 
2025-03-21 11:55:18.0080 Info Starting application... 
2025-03-21 11:55:18.1804 Error Application startup failed. Microsoft.Extensions.Hosting.HostFactoryResolver+HostingListener+StopTheHostException: Exception of type 'Microsoft.Extensions.Hosting.HostFactoryResolver+HostingListener+StopTheHostException' was thrown.
   at Microsoft.Extensions.Hosting.HostFactoryResolver.HostingListener.OnNext(KeyValuePair`2 value)
   at System.Diagnostics.DiagnosticListener.Write(String name, Object value)
   at Microsoft.Extensions.Hosting.HostBuilder.Build()
   at Microsoft.AspNetCore.Builder.WebApplicationBuilder.Build()
   at Program.<Main>$(String[] args) in C:\Users\Prashant\Desktop\GreetingApp\GreetingApp\HelloGreetingApplication\Program.cs:line 38
2025-03-21 11:55:34.4762 Info Starting application... 
2025-03-21 11:55:35.3695 Info Now listening on: https://localhost:7208 
2025-03-21 11:55:35.3695 Info Now listening on: http://localhost:5254 
2025-03-21 11:55:35.4116 Info Application started. Press Ctrl+C to shut down. 
2025-03-21 11:55:35.4116 Info Hosting environment: Development 
2025-03-21 11:55:35.4116 Info Content root path: C:\Users\Prashant\Desktop\GreetingApp\GreetingApp\HelloGreetingApplication\ 
2025-03-21 11:55:35.8271 Info Request starting HTTP/2 GET https://localhost:7208/swagger/index.html - - 
2025-03-21 11:55:36.0907 Info Request finished HTTP/2 GET https://localhost:7208/swagger/index.html - - - 200 - text/html;charset=utf-8 264.9115ms 
2025-03-21 11:55:36.1155 Info Request starting HTTP/2 GET https://localhost:7208/swagger/index.js - - 
2025-03-21 11:55:36.1155 Info Request starting HTTP/2 GET https://localhost:7208/_framework/aspnetcore-browser-refresh.js - - 
2025-03-21 11:55:36.1206 Info Request finished HTTP/2 GET https://localhost:7208/swagger/index.js - - - 200 - application/javascript;charset=utf-8 5.1411ms 
2025-03-21 11:55:36.1433 Info Request finished HTTP/2 GET https://localhost:7208/_framework/aspnetcore-browser-refresh.js - - - 200 12380 application/javascript;+charset=utf-8 27.8287ms 
2025-03-21 11:55:36.1433 Info Request starting HTTP/2 GET https://localhost:7208/_vs/browserLink - - 
2025-03-21 11:55:36.2202 Info Request finished HTTP/2 GET https://localhost:7208/_vs/browserLink - - - 200 - text/javascript;+charset=UTF-8 75.3365ms 
2025-03-21 11:55:36.3187 Info Request starting HTTP/2 GET https://localhost:7208/swagger/v1/swagger.json - - 
2025-03-21 11:55:36.3541 Info Request finished HTTP/2 GET https://localhost:7208/swagger/v1/swagger.json - - - 200 - application/json;charset=utf-8 35.3802ms 
2025-03-21 11:56:48.9140 Info Request starting HTTP/2 POST https://localhost:7208/api/Reg/forgot-password application/json 30 
2025-03-21 11:56:48.9226 Info Executing endpoint 'Register_JWT.Controllers.RegController.ForgotPassword (HelloGreetingApplication)' 
2025-03-21 11:56:49.0275 Info Route matched with {action = "ForgotPassword", controller = "Reg"}. Executing controller action with signature System.Threading.Tasks.Task`1[Microsoft.AspNetCore.Mvc.IActionResult] ForgotPassword(System.String) on controller Register_JWT.Controllers.RegController (HelloGreetingApplication). 
2025-03-21 11:56:49.6626 Info Executing BadRequestObjectResult, writing value of type 'Microsoft.AspNetCore.Mvc.ValidationProblemDetails'. 
2025-03-21 11:56:49.6935 Info Executed action Register_JWT.Controllers.RegController.ForgotPassword (HelloGreetingApplication) in 644.638ms 
2025-03-21 11:56:49.6935 Info Executed endpoint 'Register_JWT.Controllers.RegController.ForgotPassword (HelloGreetingApplication)' 
2025-03-21 11:56:49.6974 Info Request finished HTTP/2 POST https://localhost:7208/api/Reg/forgot-password application/json 30 - 400 - application/problem+json;+charset=utf-8 783.3825ms 
2025-03-21 11:57:24.7866 Info Request starting HTTP/2 POST https://localhost:7208/api/Reg/forgot-password application/json 32 
2025-03-21 11:57:24.8061 Info Executing endpoint 'Register_JWT.Controllers.RegController.ForgotPassword (HelloGreetingApplication)' 
2025-03-21 11:57:24.8110 Info Route matched with {action = "ForgotPassword", controller = "Reg"}. Executing controller action with signature System.Threading.Tasks.Task`1[Microsoft.AspNetCore.Mvc.IActionResult] ForgotPassword(System.String) on controller Register_JWT.Controllers.RegController (HelloGreetingApplication). 
2025-03-21 11:57:24.8298 Info Executing BadRequestObjectResult, writing value of type 'Microsoft.AspNetCore.Mvc.ValidationProblemDetails'. 
2025-03-21 11:57:24.8298 Info Executed action Register_JWT.Controllers.RegController.ForgotPassword (HelloGreetingApplication) in 19.1496ms 
2025-03-21 11:57:24.8298 Info Executed endpoint 'Register_JWT.Controllers.RegController.ForgotPassword (HelloGreetingApplication)' 
2025-03-21 11:57:24.8298 Info Request finished HTTP/2 POST https://localhost:7208/api/Reg/forgot-password application/json 32 - 400 - application/problem+json;+charset=utf-8 43.9853ms 
2025-03-21 11:59:33.5779 Info Starting application... 
2025-03-21 11:59:34.5230 Info Now listening on: https://localhost:7208 
2025-03-21 11:59:34.5287 Info Now listening on: http://localhost:5254 
2025-03-21 11:59:34.5613 Info Application started. Press Ctrl+C to shut down. 
2025-03-21 11:59:34.5613 Info Hosting environment: Development 
2025-03-21 11:59:34.5613 Info Content root path: C:\Users\Prashant\Desktop\GreetingApp\GreetingApp\HelloGreetingApplication\ 
2025-03-21 11:59:35.1236 Info Request starting HTTP/2 GET https://localhost:7208/swagger/index.html - - 
2025-03-21 11:59:35.5420 Info Request starting HTTP/2 GET https://localhost:7208/swagger/index.js - - 
2025-03-21 11:59:35.5420 Info Request starting HTTP/2 GET https://localhost:7208/_framework/aspnetcore-browser-refresh.js - - 
2025-03-21 11:59:35.5391 Info Request finished HTTP/2 GET https://localhost:7208/swagger/index.html - - - 200 - text/html;charset=utf-8 417.0972ms 
2025-03-21 11:59:35.5420 Info Request starting HTTP/2 GET https://localhost:7208/_vs/browserLink - - 
2025-03-21 11:59:35.5420 Info Request finished HTTP/2 GET https://localhost:7208/swagger/index.js - - - 200 - application/javascript;charset=utf-8 8.3944ms 
2025-03-21 11:59:35.5705 Info Request finished HTTP/2 GET https://localhost:7208/_framework/aspnetcore-browser-refresh.js - - - 200 12380 application/javascript;+charset=utf-8 28.4662ms 
2025-03-21 11:59:35.6470 Info Request finished HTTP/2 GET https://localhost:7208/_vs/browserLink - - - 200 - text/javascript;+charset=UTF-8 97.2554ms 
2025-03-21 11:59:35.7622 Info Request starting HTTP/2 GET https://localhost:7208/swagger/v1/swagger.json - - 
2025-03-21 11:59:35.7622 Info Request finished HTTP/2 GET https://localhost:7208/swagger/v1/swagger.json - - - 200 - application/json;charset=utf-8 11.4940ms 
2025-03-21 11:59:48.9533 Info Request starting HTTP/2 POST https://localhost:7208/api/Reg/forgot-password application/json 33 
2025-03-21 11:59:48.9533 Info Executing endpoint 'Register_JWT.Controllers.RegController.ForgotPassword (HelloGreetingApplication)' 
2025-03-21 11:59:49.0402 Info Route matched with {action = "ForgotPassword", controller = "Reg"}. Executing controller action with signature System.Threading.Tasks.Task`1[Microsoft.AspNetCore.Mvc.IActionResult] ForgotPassword(ModelLayer.DTO.ForgotPasswordDTO) on controller Register_JWT.Controllers.RegController (HelloGreetingApplication). 
2025-03-21 11:59:51.0914 Info Entity Framework Core 6.0.36 initialized 'GreetingContext' using provider 'Microsoft.EntityFrameworkCore.SqlServer:6.0.36' with options: None 
2025-03-21 11:59:53.3970 Info Executed DbCommand (297ms) [Parameters=[@__email_0='?' (Size = 4000)], CommandType='Text', CommandTimeout='30']
SELECT TOP(1) [u].[Id], [u].[Email], [u].[FirstName], [u].[LastName], [u].[Password]
FROM [Users] AS [u]
WHERE [u].[Email] = @__email_0 
2025-03-21 11:59:54.4464 Error Exception: Value cannot be null. (Parameter 'address') 
2025-03-21 11:59:54.4659 Info Executing ObjectResult, writing value of type '<>f__AnonymousType0`3[[System.Boolean, System.Private.CoreLib, Version=6.0.0.0, Culture=neutral, PublicKeyToken=7cec85d7bea7798e],[System.String, System.Private.CoreLib, Version=6.0.0.0, Culture=neutral, PublicKeyToken=7cec85d7bea7798e],[System.Int32, System.Private.CoreLib, Version=6.0.0.0, Culture=neutral, PublicKeyToken=7cec85d7bea7798e]]'. 
2025-03-21 11:59:54.4811 Info Executed action Register_JWT.Controllers.RegController.ForgotPassword (HelloGreetingApplication) in 5431.5037ms 
2025-03-21 11:59:54.4811 Info Executed endpoint 'Register_JWT.Controllers.RegController.ForgotPassword (HelloGreetingApplication)' 
2025-03-21 11:59:54.5027 Info Request finished HTTP/2 POST https://localhost:7208/api/Reg/forgot-password application/json 33 - 500 - application/json;+charset=utf-8 5549.4512ms 
2025-03-21 12:14:02.7584 Info Starting application... 
2025-03-21 12:14:03.8100 Info Now listening on: https://localhost:7208 
2025-03-21 12:14:03.8100 Info Now listening on: http://localhost:5254 
2025-03-21 12:14:03.8717 Info Application started. Press Ctrl+C to shut down. 
2025-03-21 12:14:03.8717 Info Hosting environment: Development 
2025-03-21 12:14:03.8717 Info Content root path: C:\Users\Prashant\Desktop\GreetingApp\GreetingApp\HelloGreetingApplication\ 
2025-03-21 12:14:04.4570 Info Request starting HTTP/2 GET https://localhost:7208/swagger - - 
2025-03-21 12:14:04.6438 Info Request finished HTTP/2 GET https://localhost:7208/swagger - - - 301 0 - 188.5473ms 
2025-03-21 12:14:04.6552 Info Request starting HTTP/2 GET https://localhost:7208/swagger/index.html - - 
2025-03-21 12:14:04.7543 Info Request finished HTTP/2 GET https://localhost:7208/swagger/index.html - - - 200 - text/html;charset=utf-8 99.0381ms 
2025-03-21 12:14:04.7629 Info Request starting HTTP/2 GET https://localhost:7208/swagger/swagger-ui.css - - 
2025-03-21 12:14:04.7629 Info Request starting HTTP/2 GET https://localhost:7208/swagger/index.css - - 
2025-03-21 12:14:04.7629 Info Request starting HTTP/2 GET https://localhost:7208/swagger/swagger-ui-standalone-preset.js - - 
2025-03-21 12:14:04.7629 Info Request starting HTTP/2 GET https://localhost:7208/swagger/index.js - - 
2025-03-21 12:14:04.7629 Info Request starting HTTP/2 GET https://localhost:7208/_framework/aspnetcore-browser-refresh.js - - 
2025-03-21 12:14:04.7629 Info Request starting HTTP/2 GET https://localhost:7208/_vs/browserLink - - 
2025-03-21 12:14:04.7629 Info Request starting HTTP/2 GET https://localhost:7208/swagger/swagger-ui-bundle.js - - 
2025-03-21 12:14:04.7629 Info Request finished HTTP/2 GET https://localhost:7208/swagger/index.js - - - 200 - application/javascript;charset=utf-8 1.4806ms 
2025-03-21 12:14:04.7629 Info Request finished HTTP/2 GET https://localhost:7208/_framework/aspnetcore-browser-refresh.js - - - 200 12380 application/javascript;+charset=utf-8 4.7720ms 
2025-03-21 12:14:04.7806 Info Sending file. Request path: '/index.css'. Physical path: 'N/A' 
2025-03-21 12:14:04.8105 Info Request finished HTTP/2 GET https://localhost:7208/swagger/index.css - - - 200 202 text/css 47.4301ms 
2025-03-21 12:14:04.8246 Info Sending file. Request path: '/swagger-ui.css'. Physical path: 'N/A' 
2025-03-21 12:14:04.8246 Info Sending file. Request path: '/swagger-ui-standalone-preset.js'. Physical path: 'N/A' 
2025-03-21 12:14:04.8246 Info Request finished HTTP/2 GET https://localhost:7208/swagger/swagger-ui.css - - - 200 154948 text/css 67.8450ms 
2025-03-21 12:14:04.8246 Info Request finished HTTP/2 GET https://localhost:7208/swagger/swagger-ui-standalone-preset.js - - - 200 229223 application/javascript 66.6678ms 
2025-03-21 12:14:04.8679 Info Sending file. Request path: '/swagger-ui-bundle.js'. Physical path: 'N/A' 
2025-03-21 12:14:04.8679 Info Request finished HTTP/2 GET https://localhost:7208/swagger/swagger-ui-bundle.js - - - 200 1466324 application/javascript 102.6902ms 
2025-03-21 12:14:04.8930 Info Request finished HTTP/2 GET https://localhost:7208/_vs/browserLink - - - 200 - text/javascript;+charset=UTF-8 128.7185ms 
2025-03-21 12:14:05.0156 Info Request starting HTTP/2 GET https://localhost:7208/swagger/v1/swagger.json - - 
2025-03-21 12:14:05.0156 Info Request finished HTTP/2 GET https://localhost:7208/swagger/v1/swagger.json - - - 200 - application/json;charset=utf-8 9.1747ms 
2025-03-21 12:14:05.0397 Info Request starting HTTP/2 GET https://localhost:7208/swagger/favicon-32x32.png - - 
2025-03-21 12:14:05.0397 Info Sending file. Request path: '/favicon-32x32.png'. Physical path: 'N/A' 
2025-03-21 12:14:05.0397 Info Request finished HTTP/2 GET https://localhost:7208/swagger/favicon-32x32.png - - - 200 628 image/png 0.4144ms 
2025-03-21 12:14:19.4057 Info Request starting HTTP/2 POST https://localhost:7208/api/Reg/login application/json 57 
2025-03-21 12:14:19.4191 Info Executing endpoint 'Register_JWT.Controllers.RegController.Login (HelloGreetingApplication)' 
2025-03-21 12:14:19.5047 Info Route matched with {action = "Login", controller = "Reg"}. Executing controller action with signature System.Threading.Tasks.Task`1[Microsoft.AspNetCore.Mvc.IActionResult] Login(ModelLayer.Model.DTO.LoginDTO) on controller Register_JWT.Controllers.RegController (HelloGreetingApplication). 
2025-03-21 12:14:21.5038 Info Entity Framework Core 6.0.36 initialized 'GreetingContext' using provider 'Microsoft.EntityFrameworkCore.SqlServer:6.0.36' with options: None 
2025-03-21 12:14:23.9336 Info Executed DbCommand (280ms) [Parameters=[@__email_0='?' (Size = 4000)], CommandType='Text', CommandTimeout='30']
SELECT TOP(1) [u].[Id], [u].[Email], [u].[FirstName], [u].[LastName], [u].[Password]
FROM [Users] AS [u]
WHERE [u].[Email] = @__email_0 
2025-03-21 12:14:24.6675 Info Executing OkObjectResult, writing value of type '<>f__AnonymousType3`1[[System.String, System.Private.CoreLib, Version=6.0.0.0, Culture=neutral, PublicKeyToken=7cec85d7bea7798e]]'. 
2025-03-21 12:14:24.6675 Info Executed action Register_JWT.Controllers.RegController.Login (HelloGreetingApplication) in 5166.4565ms 
2025-03-21 12:14:24.6675 Info Executed endpoint 'Register_JWT.Controllers.RegController.Login (HelloGreetingApplication)' 
2025-03-21 12:14:24.6947 Info Request finished HTTP/2 POST https://localhost:7208/api/Reg/login application/json 57 - 200 - application/json;+charset=utf-8 5289.0925ms 
2025-03-21 12:14:44.5093 Info Request starting HTTP/2 POST https://localhost:7208/api/Reg/forgot-password application/json 33 
2025-03-21 12:14:44.5361 Info Executing endpoint 'Register_JWT.Controllers.RegController.ForgotPassword (HelloGreetingApplication)' 
2025-03-21 12:14:44.5419 Info Route matched with {action = "ForgotPassword", controller = "Reg"}. Executing controller action with signature System.Threading.Tasks.Task`1[Microsoft.AspNetCore.Mvc.IActionResult] ForgotPassword(ModelLayer.DTO.ForgotPasswordDTO) on controller Register_JWT.Controllers.RegController (HelloGreetingApplication). 
2025-03-21 12:14:44.5419 Info Entity Framework Core 6.0.36 initialized 'GreetingContext' using provider 'Microsoft.EntityFrameworkCore.SqlServer:6.0.36' with options: None 
2025-03-21 12:14:44.6044 Info Executed DbCommand (22ms) [Parameters=[@__email_0='?' (Size = 4000)], CommandType='Text', CommandTimeout='30']
SELECT TOP(1) [u].[Id], [u].[Email], [u].[FirstName], [u].[LastName], [u].[Password]
FROM [Users] AS [u]
WHERE [u].[Email] = @__email_0 
2025-03-21 12:14:44.7754 Error Exception: IDX10720: Unable to create KeyedHashAlgorithm for algorithm 'HS256', the key size must be greater than: '256' bits, key has '160' bits. See https://aka.ms/IdentityModel/UnsafeRelaxHmacKeySizeValidation (Parameter 'keyBytes') 
2025-03-21 12:14:44.7754 Info Executing ObjectResult, writing value of type '<>f__AnonymousType0`3[[System.Boolean, System.Private.CoreLib, Version=6.0.0.0, Culture=neutral, PublicKeyToken=7cec85d7bea7798e],[System.String, System.Private.CoreLib, Version=6.0.0.0, Culture=neutral, PublicKeyToken=7cec85d7bea7798e],[System.Int32, System.Private.CoreLib, Version=6.0.0.0, Culture=neutral, PublicKeyToken=7cec85d7bea7798e]]'. 
2025-03-21 12:14:44.7754 Info Executed action Register_JWT.Controllers.RegController.ForgotPassword (HelloGreetingApplication) in 236.8137ms 
2025-03-21 12:14:44.7754 Info Executed endpoint 'Register_JWT.Controllers.RegController.ForgotPassword (HelloGreetingApplication)' 
2025-03-21 12:14:44.7754 Info Request finished HTTP/2 POST https://localhost:7208/api/Reg/forgot-password application/json 33 - 500 - application/json;+charset=utf-8 272.0836ms 
2025-03-21 12:15:33.4200 Info Request starting HTTP/2 POST https://localhost:7208/api/Reg/register application/json 111 
2025-03-21 12:15:33.4200 Info Executing endpoint 'Register_JWT.Controllers.RegController.Register (HelloGreetingApplication)' 
2025-03-21 12:15:33.4477 Info Route matched with {action = "Register", controller = "Reg"}. Executing controller action with signature System.Threading.Tasks.Task`1[Microsoft.AspNetCore.Mvc.IActionResult] Register(ModelLayer.Model.DTO.RegisterDTO) on controller Register_JWT.Controllers.RegController (HelloGreetingApplication). 
2025-03-21 12:15:33.5716 Info Entity Framework Core 6.0.36 initialized 'GreetingContext' using provider 'Microsoft.EntityFrameworkCore.SqlServer:6.0.36' with options: None 
2025-03-21 12:15:33.5716 Info Executed DbCommand (2ms) [Parameters=[@__email_0='?' (Size = 4000)], CommandType='Text', CommandTimeout='30']
SELECT TOP(1) [u].[Id], [u].[Email], [u].[FirstName], [u].[LastName], [u].[Password]
FROM [Users] AS [u]
WHERE [u].[Email] = @__email_0 
2025-03-21 12:15:34.1526 Info Executed DbCommand (60ms) [Parameters=[@p0='?' (Size = 4000), @p1='?' (Size = 4000), @p2='?' (Size = 4000), @p3='?' (Size = 4000)], CommandType='Text', CommandTimeout='30']
SET NOCOUNT ON;
INSERT INTO [Users] ([Email], [FirstName], [LastName], [Password])
VALUES (@p0, @p1, @p2, @p3);
SELECT [Id]
FROM [Users]
WHERE @@ROWCOUNT = 1 AND [Id] = scope_identity(); 
2025-03-21 12:15:34.2801 Info Executing OkObjectResult, writing value of type '<>f__AnonymousType2`1[[System.String, System.Private.CoreLib, Version=6.0.0.0, Culture=neutral, PublicKeyToken=7cec85d7bea7798e]]'. 
2025-03-21 12:15:34.2801 Info Executed action Register_JWT.Controllers.RegController.Register (HelloGreetingApplication) in 833.5848ms 
2025-03-21 12:15:34.2801 Info Executed endpoint 'Register_JWT.Controllers.RegController.Register (HelloGreetingApplication)' 
2025-03-21 12:15:34.2801 Info Request finished HTTP/2 POST https://localhost:7208/api/Reg/register application/json 111 - 200 - application/json;+charset=utf-8 861.5861ms 
2025-03-21 12:15:53.3059 Info Request starting HTTP/2 POST https://localhost:7208/api/Reg/login application/json 60 
2025-03-21 12:15:53.3187 Info Executing endpoint 'Register_JWT.Controllers.RegController.Login (HelloGreetingApplication)' 
2025-03-21 12:15:53.3187 Info Route matched with {action = "Login", controller = "Reg"}. Executing controller action with signature System.Threading.Tasks.Task`1[Microsoft.AspNetCore.Mvc.IActionResult] Login(ModelLayer.Model.DTO.LoginDTO) on controller Register_JWT.Controllers.RegController (HelloGreetingApplication). 
2025-03-21 12:15:53.3187 Info Entity Framework Core 6.0.36 initialized 'GreetingContext' using provider 'Microsoft.EntityFrameworkCore.SqlServer:6.0.36' with options: None 
2025-03-21 12:15:53.4022 Info Executed DbCommand (81ms) [Parameters=[@__email_0='?' (Size = 4000)], CommandType='Text', CommandTimeout='30']
SELECT TOP(1) [u].[Id], [u].[Email], [u].[FirstName], [u].[LastName], [u].[Password]
FROM [Users] AS [u]
WHERE [u].[Email] = @__email_0 
2025-03-21 12:15:53.4022 Info Executing OkObjectResult, writing value of type '<>f__AnonymousType3`1[[System.String, System.Private.CoreLib, Version=6.0.0.0, Culture=neutral, PublicKeyToken=7cec85d7bea7798e]]'. 
2025-03-21 12:15:53.4022 Info Executed action Register_JWT.Controllers.RegController.Login (HelloGreetingApplication) in 90.2647ms 
2025-03-21 12:15:53.4022 Info Executed endpoint 'Register_JWT.Controllers.RegController.Login (HelloGreetingApplication)' 
2025-03-21 12:15:53.4022 Info Request finished HTTP/2 POST https://localhost:7208/api/Reg/login application/json 60 - 200 - application/json;+charset=utf-8 103.9173ms 
2025-03-21 12:16:00.8864 Info Request starting HTTP/2 POST https://localhost:7208/api/Reg/forgot-password application/json 36 
2025-03-21 12:16:00.8864 Info Executing endpoint 'Register_JWT.Controllers.RegController.ForgotPassword (HelloGreetingApplication)' 
2025-03-21 12:16:00.8864 Info Route matched with {action = "ForgotPassword", controller = "Reg"}. Executing controller action with signature System.Threading.Tasks.Task`1[Microsoft.AspNetCore.Mvc.IActionResult] ForgotPassword(ModelLayer.DTO.ForgotPasswordDTO) on controller Register_JWT.Controllers.RegController (HelloGreetingApplication). 
2025-03-21 12:16:00.8864 Info Entity Framework Core 6.0.36 initialized 'GreetingContext' using provider 'Microsoft.EntityFrameworkCore.SqlServer:6.0.36' with options: None 
2025-03-21 12:16:00.8864 Info Executed DbCommand (3ms) [Parameters=[@__email_0='?' (Size = 4000)], CommandType='Text', CommandTimeout='30']
SELECT TOP(1) [u].[Id], [u].[Email], [u].[FirstName], [u].[LastName], [u].[Password]
FROM [Users] AS [u]
WHERE [u].[Email] = @__email_0 
2025-03-21 12:16:01.0114 Error Exception: IDX10720: Unable to create KeyedHashAlgorithm for algorithm 'HS256', the key size must be greater than: '256' bits, key has '160' bits. See https://aka.ms/IdentityModel/UnsafeRelaxHmacKeySizeValidation (Parameter 'keyBytes') 
2025-03-21 12:16:01.0114 Info Executing ObjectResult, writing value of type '<>f__AnonymousType0`3[[System.Boolean, System.Private.CoreLib, Version=6.0.0.0, Culture=neutral, PublicKeyToken=7cec85d7bea7798e],[System.String, System.Private.CoreLib, Version=6.0.0.0, Culture=neutral, PublicKeyToken=7cec85d7bea7798e],[System.Int32, System.Private.CoreLib, Version=6.0.0.0, Culture=neutral, PublicKeyToken=7cec85d7bea7798e]]'. 
2025-03-21 12:16:01.0114 Info Executed action Register_JWT.Controllers.RegController.ForgotPassword (HelloGreetingApplication) in 123.7887ms 
2025-03-21 12:16:01.0114 Info Executed endpoint 'Register_JWT.Controllers.RegController.ForgotPassword (HelloGreetingApplication)' 
2025-03-21 12:16:01.0114 Info Request finished HTTP/2 POST https://localhost:7208/api/Reg/forgot-password application/json 36 - 500 - application/json;+charset=utf-8 125.8057ms 
2025-03-21 14:13:23.3165 Info Starting application... 
2025-03-21 14:13:24.3877 Info Now listening on: https://localhost:7208 
2025-03-21 14:13:24.3877 Info Now listening on: http://localhost:5254 
2025-03-21 14:13:24.4421 Info Application started. Press Ctrl+C to shut down. 
2025-03-21 14:13:24.4421 Info Hosting environment: Development 
2025-03-21 14:13:24.4421 Info Content root path: C:\Users\Prashant\Desktop\GreetingApp\GreetingApp\HelloGreetingApplication\ 
2025-03-21 14:13:26.6559 Info Request starting HTTP/2 GET https://localhost:7208/swagger/index.html - - 
2025-03-21 14:13:26.9747 Info Request finished HTTP/2 GET https://localhost:7208/swagger/index.html - - - 200 - text/html;charset=utf-8 316.7199ms 
2025-03-21 14:13:26.9909 Info Request starting HTTP/2 GET https://localhost:7208/swagger/index.js - - 
2025-03-21 14:13:26.9909 Info Request starting HTTP/2 GET https://localhost:7208/_vs/browserLink - - 
2025-03-21 14:13:26.9909 Info Request starting HTTP/2 GET https://localhost:7208/_framework/aspnetcore-browser-refresh.js - - 
2025-03-21 14:13:27.0047 Info Request finished HTTP/2 GET https://localhost:7208/swagger/index.js - - - 200 - application/javascript;charset=utf-8 13.7938ms 
2025-03-21 14:13:27.0106 Info Request finished HTTP/2 GET https://localhost:7208/_framework/aspnetcore-browser-refresh.js - - - 200 12380 application/javascript;+charset=utf-8 17.7978ms 
2025-03-21 14:13:27.1390 Info Request finished HTTP/2 GET https://localhost:7208/_vs/browserLink - - - 200 - text/javascript;+charset=UTF-8 148.1200ms 
2025-03-21 14:13:27.2498 Info Request starting HTTP/2 GET https://localhost:7208/swagger/v1/swagger.json - - 
2025-03-21 14:13:27.2629 Info Request finished HTTP/2 GET https://localhost:7208/swagger/v1/swagger.json - - - 200 - application/json;charset=utf-8 13.0630ms 
2025-03-21 14:13:50.6261 Info Request starting HTTP/2 POST https://localhost:7208/api/Reg/forgot-password application/json 36 
2025-03-21 14:13:50.6428 Info Executing endpoint 'Register_JWT.Controllers.RegController.ForgotPassword (HelloGreetingApplication)' 
2025-03-21 14:13:50.7440 Info Route matched with {action = "ForgotPassword", controller = "Reg"}. Executing controller action with signature System.Threading.Tasks.Task`1[Microsoft.AspNetCore.Mvc.IActionResult] ForgotPassword(ModelLayer.DTO.ForgotPasswordDTO) on controller Register_JWT.Controllers.RegController (HelloGreetingApplication). 
2025-03-21 14:13:52.8605 Info Entity Framework Core 6.0.36 initialized 'GreetingContext' using provider 'Microsoft.EntityFrameworkCore.SqlServer:6.0.36' with options: None 
2025-03-21 14:13:55.3516 Info Executed DbCommand (196ms) [Parameters=[@__email_0='?' (Size = 4000)], CommandType='Text', CommandTimeout='30']
SELECT TOP(1) [u].[Id], [u].[Email], [u].[FirstName], [u].[LastName], [u].[Password]
FROM [Users] AS [u]
WHERE [u].[Email] = @__email_0 
2025-03-21 14:13:56.3387 Error Exception: IDX10720: Unable to create KeyedHashAlgorithm for algorithm 'HS256', the key size must be greater than: '256' bits, key has '160' bits. See https://aka.ms/IdentityModel/UnsafeRelaxHmacKeySizeValidation (Parameter 'keyBytes') 
2025-03-21 14:13:56.3582 Info Executing ObjectResult, writing value of type '<>f__AnonymousType0`3[[System.Boolean, System.Private.CoreLib, Version=6.0.0.0, Culture=neutral, PublicKeyToken=7cec85d7bea7798e],[System.String, System.Private.CoreLib, Version=6.0.0.0, Culture=neutral, PublicKeyToken=7cec85d7bea7798e],[System.Int32, System.Private.CoreLib, Version=6.0.0.0, Culture=neutral, PublicKeyToken=7cec85d7bea7798e]]'. 
2025-03-21 14:13:56.4121 Info Executed action Register_JWT.Controllers.RegController.ForgotPassword (HelloGreetingApplication) in 5626.2564ms 
2025-03-21 14:13:56.4121 Info Executed endpoint 'Register_JWT.Controllers.RegController.ForgotPassword (HelloGreetingApplication)' 
2025-03-21 14:13:56.4340 Info Request finished HTTP/2 POST https://localhost:7208/api/Reg/forgot-password application/json 36 - 500 - application/json;+charset=utf-8 5807.9101ms 
2025-03-21 14:14:30.0361 Info Starting application... 
2025-03-21 14:14:30.8683 Info Now listening on: https://localhost:7208 
2025-03-21 14:14:30.8683 Info Now listening on: http://localhost:5254 
2025-03-21 14:14:30.9073 Info Application started. Press Ctrl+C to shut down. 
2025-03-21 14:14:30.9073 Info Hosting environment: Development 
2025-03-21 14:14:30.9073 Info Content root path: C:\Users\Prashant\Desktop\GreetingApp\GreetingApp\HelloGreetingApplication\ 
2025-03-21 14:14:31.6353 Info Request starting HTTP/2 GET https://localhost:7208/swagger/index.html - - 
2025-03-21 14:14:31.9716 Info Request finished HTTP/2 GET https://localhost:7208/swagger/index.html - - - 200 - text/html;charset=utf-8 338.1943ms 
2025-03-21 14:14:31.9957 Info Request starting HTTP/2 GET https://localhost:7208/_vs/browserLink - - 
2025-03-21 14:14:31.9957 Info Request starting HTTP/2 GET https://localhost:7208/swagger/index.js - - 
2025-03-21 14:14:31.9957 Info Request starting HTTP/2 GET https://localhost:7208/_framework/aspnetcore-browser-refresh.js - - 
2025-03-21 14:14:31.9957 Info Request finished HTTP/2 GET https://localhost:7208/swagger/index.js - - - 200 - application/javascript;charset=utf-8 4.9685ms 
2025-03-21 14:14:31.9957 Info Request finished HTTP/2 GET https://localhost:7208/_framework/aspnetcore-browser-refresh.js - - - 200 12380 application/javascript;+charset=utf-8 7.5020ms 
2025-03-21 14:14:32.0993 Info Request finished HTTP/2 GET https://localhost:7208/_vs/browserLink - - - 200 - text/javascript;+charset=UTF-8 103.5137ms 
2025-03-21 14:14:32.2025 Info Request starting HTTP/2 GET https://localhost:7208/swagger/v1/swagger.json - - 
2025-03-21 14:14:32.2025 Info Request finished HTTP/2 GET https://localhost:7208/swagger/v1/swagger.json - - - 200 - application/json;charset=utf-8 7.0218ms 
2025-03-21 14:14:51.6580 Info Request starting HTTP/2 POST https://localhost:7208/api/Reg/forgot-password application/json 36 
2025-03-21 14:14:51.6715 Info Executing endpoint 'Register_JWT.Controllers.RegController.ForgotPassword (HelloGreetingApplication)' 
2025-03-21 14:14:51.7503 Info Route matched with {action = "ForgotPassword", controller = "Reg"}. Executing controller action with signature System.Threading.Tasks.Task`1[Microsoft.AspNetCore.Mvc.IActionResult] ForgotPassword(ModelLayer.DTO.ForgotPasswordDTO) on controller Register_JWT.Controllers.RegController (HelloGreetingApplication). 
2025-03-21 14:14:53.7256 Info Entity Framework Core 6.0.36 initialized 'GreetingContext' using provider 'Microsoft.EntityFrameworkCore.SqlServer:6.0.36' with options: None 
2025-03-21 14:14:56.1850 Info Executed DbCommand (276ms) [Parameters=[@__email_0='?' (Size = 4000)], CommandType='Text', CommandTimeout='30']
SELECT TOP(1) [u].[Id], [u].[Email], [u].[FirstName], [u].[LastName], [u].[Password]
FROM [Users] AS [u]
WHERE [u].[Email] = @__email_0 
2025-03-21 14:14:57.0684 Error Exception: IDX10720: Unable to create KeyedHashAlgorithm for algorithm 'HS256', the key size must be greater than: '256' bits, key has '160' bits. See https://aka.ms/IdentityModel/UnsafeRelaxHmacKeySizeValidation (Parameter 'keyBytes') 
2025-03-21 14:14:57.0853 Info Executing ObjectResult, writing value of type '<>f__AnonymousType0`3[[System.Boolean, System.Private.CoreLib, Version=6.0.0.0, Culture=neutral, PublicKeyToken=7cec85d7bea7798e],[System.String, System.Private.CoreLib, Version=6.0.0.0, Culture=neutral, PublicKeyToken=7cec85d7bea7798e],[System.Int32, System.Private.CoreLib, Version=6.0.0.0, Culture=neutral, PublicKeyToken=7cec85d7bea7798e]]'. 
2025-03-21 14:14:57.0998 Info Executed action Register_JWT.Controllers.RegController.ForgotPassword (HelloGreetingApplication) in 5315.947ms 
2025-03-21 14:14:57.0998 Info Executed endpoint 'Register_JWT.Controllers.RegController.ForgotPassword (HelloGreetingApplication)' 
2025-03-21 14:14:57.1308 Info Request finished HTTP/2 POST https://localhost:7208/api/Reg/forgot-password application/json 36 - 500 - application/json;+charset=utf-8 5472.7904ms 
2025-03-21 14:19:10.0826 Info Starting application... 
2025-03-21 14:19:10.9832 Info Now listening on: https://localhost:7208 
2025-03-21 14:19:10.9832 Info Now listening on: http://localhost:5254 
2025-03-21 14:19:11.0220 Info Application started. Press Ctrl+C to shut down. 
2025-03-21 14:19:11.0220 Info Hosting environment: Development 
2025-03-21 14:19:11.0220 Info Content root path: C:\Users\Prashant\Desktop\GreetingApp\GreetingApp\HelloGreetingApplication\ 
2025-03-21 14:19:11.5889 Info Request starting HTTP/2 GET https://localhost:7208/swagger/index.html - - 
2025-03-21 14:19:11.9325 Info Request finished HTTP/2 GET https://localhost:7208/swagger/index.html - - - 200 - text/html;charset=utf-8 345.0120ms 
2025-03-21 14:19:12.0228 Info Request starting HTTP/2 GET https://localhost:7208/swagger/index.js - - 
2025-03-21 14:19:12.0257 Info Request finished HTTP/2 GET https://localhost:7208/swagger/index.js - - - 200 - application/javascript;charset=utf-8 2.8120ms 
2025-03-21 14:19:12.0257 Info Request starting HTTP/2 GET https://localhost:7208/_framework/aspnetcore-browser-refresh.js - - 
2025-03-21 14:19:12.0257 Info Request starting HTTP/2 GET https://localhost:7208/_vs/browserLink - - 
2025-03-21 14:19:12.0462 Info Request finished HTTP/2 GET https://localhost:7208/_framework/aspnetcore-browser-refresh.js - - - 200 12380 application/javascript;+charset=utf-8 9.3964ms 
2025-03-21 14:19:12.1345 Info Request finished HTTP/2 GET https://localhost:7208/_vs/browserLink - - - 200 - text/javascript;+charset=UTF-8 95.5255ms 
2025-03-21 14:19:12.4899 Info Request starting HTTP/2 GET https://localhost:7208/swagger/v1/swagger.json - - 
2025-03-21 14:19:12.4984 Info Request finished HTTP/2 GET https://localhost:7208/swagger/v1/swagger.json - - - 200 - application/json;charset=utf-8 8.6266ms 
2025-03-21 14:19:38.5814 Info Request starting HTTP/2 POST https://localhost:7208/api/Reg/forgot-password application/json 36 
2025-03-21 14:19:38.6258 Info Executing endpoint 'Register_JWT.Controllers.RegController.ForgotPassword (HelloGreetingApplication)' 
2025-03-21 14:19:38.7004 Info Route matched with {action = "ForgotPassword", controller = "Reg"}. Executing controller action with signature System.Threading.Tasks.Task`1[Microsoft.AspNetCore.Mvc.IActionResult] ForgotPassword(ModelLayer.DTO.ForgotPasswordDTO) on controller Register_JWT.Controllers.RegController (HelloGreetingApplication). 
2025-03-21 14:19:40.6770 Info Entity Framework Core 6.0.36 initialized 'GreetingContext' using provider 'Microsoft.EntityFrameworkCore.SqlServer:6.0.36' with options: None 
2025-03-21 14:19:42.9655 Info Executed DbCommand (278ms) [Parameters=[@__email_0='?' (Size = 4000)], CommandType='Text', CommandTimeout='30']
SELECT TOP(1) [u].[Id], [u].[Email], [u].[FirstName], [u].[LastName], [u].[Password]
FROM [Users] AS [u]
WHERE [u].[Email] = @__email_0 
2025-03-21 14:20:47.5377 Info Executing BadRequestObjectResult, writing value of type 'System.String'. 
2025-03-21 14:20:47.5773 Info Executed action Register_JWT.Controllers.RegController.ForgotPassword (HelloGreetingApplication) in 68843.7904ms 
2025-03-21 14:20:47.6141 Info Executed endpoint 'Register_JWT.Controllers.RegController.ForgotPassword (HelloGreetingApplication)' 
2025-03-21 14:20:47.6661 Info Request finished HTTP/2 POST https://localhost:7208/api/Reg/forgot-password application/json 36 - 400 - text/plain;+charset=utf-8 69084.6604ms 
2025-03-21 14:25:51.6496 Info Starting application... 
2025-03-21 14:25:52.7268 Info Now listening on: https://localhost:7208 
2025-03-21 14:25:52.7340 Info Now listening on: http://localhost:5254 
2025-03-21 14:25:52.7894 Info Application started. Press Ctrl+C to shut down. 
2025-03-21 14:25:52.7906 Info Hosting environment: Development 
2025-03-21 14:25:52.7906 Info Content root path: C:\Users\Prashant\Desktop\GreetingApp\GreetingApp\HelloGreetingApplication\ 
2025-03-21 14:25:53.3724 Info Request starting HTTP/2 GET https://localhost:7208/swagger/index.html - - 
2025-03-21 14:25:53.6347 Info Request finished HTTP/2 GET https://localhost:7208/swagger/index.html - - - 200 - text/html;charset=utf-8 263.6010ms 
2025-03-21 14:25:53.6527 Info Request starting HTTP/2 GET https://localhost:7208/_framework/aspnetcore-browser-refresh.js - - 
2025-03-21 14:25:53.6527 Info Request starting HTTP/2 GET https://localhost:7208/swagger/index.js - - 
2025-03-21 14:25:53.6527 Info Request finished HTTP/2 GET https://localhost:7208/swagger/index.js - - - 200 - application/javascript;charset=utf-8 2.2676ms 
2025-03-21 14:25:53.6866 Info Request starting HTTP/2 GET https://localhost:7208/_vs/browserLink - - 
2025-03-21 14:25:53.6866 Info Request finished HTTP/2 GET https://localhost:7208/_framework/aspnetcore-browser-refresh.js - - - 200 12380 application/javascript;+charset=utf-8 35.2629ms 
2025-03-21 14:25:53.7847 Info Request finished HTTP/2 GET https://localhost:7208/_vs/browserLink - - - 200 - text/javascript;+charset=UTF-8 109.8486ms 
2025-03-21 14:25:53.8752 Info Request starting HTTP/2 GET https://localhost:7208/swagger/v1/swagger.json - - 
2025-03-21 14:25:53.8919 Info Request finished HTTP/2 GET https://localhost:7208/swagger/v1/swagger.json - - - 200 - application/json;charset=utf-8 16.6988ms 
2025-03-21 14:26:10.0046 Info Request starting HTTP/2 POST https://localhost:7208/api/Reg/forgot-password application/json 36 
2025-03-21 14:26:10.0187 Info Executing endpoint 'Register_JWT.Controllers.RegController.ForgotPassword (HelloGreetingApplication)' 
2025-03-21 14:26:10.1005 Info Route matched with {action = "ForgotPassword", controller = "Reg"}. Executing controller action with signature System.Threading.Tasks.Task`1[Microsoft.AspNetCore.Mvc.IActionResult] ForgotPassword(ModelLayer.DTO.ForgotPasswordDTO) on controller Register_JWT.Controllers.RegController (HelloGreetingApplication). 
2025-03-21 14:26:12.0960 Info Entity Framework Core 6.0.36 initialized 'GreetingContext' using provider 'Microsoft.EntityFrameworkCore.SqlServer:6.0.36' with options: None 
2025-03-21 14:26:14.2953 Info Executed DbCommand (201ms) [Parameters=[@__email_0='?' (Size = 4000)], CommandType='Text', CommandTimeout='30']
SELECT TOP(1) [u].[Id], [u].[Email], [u].[FirstName], [u].[LastName], [u].[Password]
FROM [Users] AS [u]
WHERE [u].[Email] = @__email_0 
2025-03-21 14:27:18.5740 Info Executing BadRequestObjectResult, writing value of type 'System.String'. 
2025-03-21 14:27:18.5914 Info Executed action Register_JWT.Controllers.RegController.ForgotPassword (HelloGreetingApplication) in 68481.2763ms 
2025-03-21 14:27:18.5914 Info Executed endpoint 'Register_JWT.Controllers.RegController.ForgotPassword (HelloGreetingApplication)' 
2025-03-21 14:27:18.6170 Info Request finished HTTP/2 POST https://localhost:7208/api/Reg/forgot-password application/json 36 - 400 - text/plain;+charset=utf-8 68612.4154ms 
2025-03-21 14:36:28.8807 Info Starting application... 
2025-03-21 14:36:29.8688 Info Now listening on: https://localhost:7208 
2025-03-21 14:36:29.8752 Info Now listening on: http://localhost:5254 
2025-03-21 14:36:29.9182 Info Application started. Press Ctrl+C to shut down. 
2025-03-21 14:36:29.9182 Info Hosting environment: Development 
2025-03-21 14:36:29.9182 Info Content root path: C:\Users\Prashant\Desktop\GreetingApp\GreetingApp\HelloGreetingApplication\ 
2025-03-21 14:36:30.3363 Info Request starting HTTP/2 GET https://localhost:7208/swagger/index.html - - 
2025-03-21 14:36:30.5920 Info Request finished HTTP/2 GET https://localhost:7208/swagger/index.html - - - 200 - text/html;charset=utf-8 257.7336ms 
2025-03-21 14:36:30.6062 Info Request starting HTTP/2 GET https://localhost:7208/_framework/aspnetcore-browser-refresh.js - - 
2025-03-21 14:36:30.6062 Info Request starting HTTP/2 GET https://localhost:7208/_vs/browserLink - - 
2025-03-21 14:36:30.6062 Info Request starting HTTP/2 GET https://localhost:7208/swagger/index.js - - 
2025-03-21 14:36:30.6230 Info Request finished HTTP/2 GET https://localhost:7208/swagger/index.js - - - 200 - application/javascript;charset=utf-8 6.9171ms 
2025-03-21 14:36:30.6230 Info Request finished HTTP/2 GET https://localhost:7208/_framework/aspnetcore-browser-refresh.js - - - 200 12380 application/javascript;+charset=utf-8 25.7068ms 
2025-03-21 14:36:30.7107 Info Request finished HTTP/2 GET https://localhost:7208/_vs/browserLink - - - 200 - text/javascript;+charset=UTF-8 97.7392ms 
2025-03-21 14:36:30.7898 Info Request starting HTTP/2 GET https://localhost:7208/swagger/v1/swagger.json - - 
2025-03-21 14:36:30.7980 Info Request finished HTTP/2 GET https://localhost:7208/swagger/v1/swagger.json - - - 200 - application/json;charset=utf-8 8.4898ms 
2025-03-21 14:37:00.9742 Info Request starting HTTP/2 POST https://localhost:7208/api/Reg/forgot-password application/json 36 
2025-03-21 14:37:00.9895 Info Executing endpoint 'Register_JWT.Controllers.RegController.ForgotPassword (HelloGreetingApplication)' 
2025-03-21 14:37:01.0645 Info Route matched with {action = "ForgotPassword", controller = "Reg"}. Executing controller action with signature System.Threading.Tasks.Task`1[Microsoft.AspNetCore.Mvc.IActionResult] ForgotPassword(ModelLayer.DTO.ForgotPasswordDTO) on controller Register_JWT.Controllers.RegController (HelloGreetingApplication). 
2025-03-21 14:37:03.0031 Info Entity Framework Core 6.0.36 initialized 'GreetingContext' using provider 'Microsoft.EntityFrameworkCore.SqlServer:6.0.36' with options: None 
2025-03-21 14:37:05.2139 Info Executed DbCommand (278ms) [Parameters=[@__email_0='?' (Size = 4000)], CommandType='Text', CommandTimeout='30']
SELECT TOP(1) [u].[Id], [u].[Email], [u].[FirstName], [u].[LastName], [u].[Password]
FROM [Users] AS [u]
WHERE [u].[Email] = @__email_0 
2025-03-21 14:37:05.6513 Error Exception: String reference not set to an instance of a String. (Parameter 's') 
2025-03-21 14:37:05.6658 Info Executing ObjectResult, writing value of type '<>f__AnonymousType0`3[[System.Boolean, System.Private.CoreLib, Version=6.0.0.0, Culture=neutral, PublicKeyToken=7cec85d7bea7798e],[System.String, System.Private.CoreLib, Version=6.0.0.0, Culture=neutral, PublicKeyToken=7cec85d7bea7798e],[System.Int32, System.Private.CoreLib, Version=6.0.0.0, Culture=neutral, PublicKeyToken=7cec85d7bea7798e]]'. 
2025-03-21 14:37:05.6658 Info Executed action Register_JWT.Controllers.RegController.ForgotPassword (HelloGreetingApplication) in 4607.0682ms 
2025-03-21 14:37:05.7124 Info Executed endpoint 'Register_JWT.Controllers.RegController.ForgotPassword (HelloGreetingApplication)' 
2025-03-21 14:37:05.7314 Info Request finished HTTP/2 POST https://localhost:7208/api/Reg/forgot-password application/json 36 - 500 - application/json;+charset=utf-8 4757.2413ms 
2025-03-21 14:38:44.7473 Info Starting application... 
2025-03-21 14:38:45.7179 Info Now listening on: https://localhost:7208 
2025-03-21 14:38:45.7179 Info Now listening on: http://localhost:5254 
2025-03-21 14:38:45.7838 Info Application started. Press Ctrl+C to shut down. 
2025-03-21 14:38:45.7838 Info Hosting environment: Development 
2025-03-21 14:38:45.7838 Info Content root path: C:\Users\Prashant\Desktop\GreetingApp\GreetingApp\HelloGreetingApplication\ 
2025-03-21 14:38:46.2316 Info Request starting HTTP/2 GET https://localhost:7208/swagger/index.html - - 
2025-03-21 14:38:46.5009 Info Request finished HTTP/2 GET https://localhost:7208/swagger/index.html - - - 200 - text/html;charset=utf-8 271.8945ms 
2025-03-21 14:38:46.5247 Info Request starting HTTP/2 GET https://localhost:7208/swagger/index.js - - 
2025-03-21 14:38:46.5247 Info Request starting HTTP/2 GET https://localhost:7208/_framework/aspnetcore-browser-refresh.js - - 
2025-03-21 14:38:46.5247 Info Request starting HTTP/2 GET https://localhost:7208/_vs/browserLink - - 
2025-03-21 14:38:46.5272 Info Request finished HTTP/2 GET https://localhost:7208/swagger/index.js - - - 200 - application/javascript;charset=utf-8 2.4821ms 
2025-03-21 14:38:46.5272 Info Request finished HTTP/2 GET https://localhost:7208/_framework/aspnetcore-browser-refresh.js - - - 200 12380 application/javascript;+charset=utf-8 5.7497ms 
2025-03-21 14:38:46.5896 Info Request finished HTTP/2 GET https://localhost:7208/_vs/browserLink - - - 200 - text/javascript;+charset=UTF-8 64.6117ms 
2025-03-21 14:38:46.7084 Info Request starting HTTP/2 GET https://localhost:7208/swagger/v1/swagger.json - - 
2025-03-21 14:38:46.7156 Info Request finished HTTP/2 GET https://localhost:7208/swagger/v1/swagger.json - - - 200 - application/json;charset=utf-8 7.2366ms 
2025-03-21 14:39:03.7907 Info Request starting HTTP/2 POST https://localhost:7208/api/Reg/forgot-password application/json 36 
2025-03-21 14:39:03.7999 Info Executing endpoint 'Register_JWT.Controllers.RegController.ForgotPassword (HelloGreetingApplication)' 
2025-03-21 14:39:03.8790 Info Route matched with {action = "ForgotPassword", controller = "Reg"}. Executing controller action with signature System.Threading.Tasks.Task`1[Microsoft.AspNetCore.Mvc.IActionResult] ForgotPassword(ModelLayer.DTO.ForgotPasswordDTO) on controller Register_JWT.Controllers.RegController (HelloGreetingApplication). 
2025-03-21 14:39:05.8849 Info Entity Framework Core 6.0.36 initialized 'GreetingContext' using provider 'Microsoft.EntityFrameworkCore.SqlServer:6.0.36' with options: None 
2025-03-21 14:39:08.1137 Info Executed DbCommand (245ms) [Parameters=[@__email_0='?' (Size = 4000)], CommandType='Text', CommandTimeout='30']
SELECT TOP(1) [u].[Id], [u].[Email], [u].[FirstName], [u].[LastName], [u].[Password]
FROM [Users] AS [u]
WHERE [u].[Email] = @__email_0 
2025-03-21 14:39:08.5659 Error Exception: String reference not set to an instance of a String. (Parameter 's') 
2025-03-21 14:39:08.5802 Info Executing ObjectResult, writing value of type '<>f__AnonymousType0`3[[System.Boolean, System.Private.CoreLib, Version=6.0.0.0, Culture=neutral, PublicKeyToken=7cec85d7bea7798e],[System.String, System.Private.CoreLib, Version=6.0.0.0, Culture=neutral, PublicKeyToken=7cec85d7bea7798e],[System.Int32, System.Private.CoreLib, Version=6.0.0.0, Culture=neutral, PublicKeyToken=7cec85d7bea7798e]]'. 
2025-03-21 14:39:08.5937 Info Executed action Register_JWT.Controllers.RegController.ForgotPassword (HelloGreetingApplication) in 4706.8144ms 
2025-03-21 14:39:08.5937 Info Executed endpoint 'Register_JWT.Controllers.RegController.ForgotPassword (HelloGreetingApplication)' 
2025-03-21 14:39:08.6164 Info Request finished HTTP/2 POST https://localhost:7208/api/Reg/forgot-password application/json 36 - 500 - application/json;+charset=utf-8 4825.7651ms 
2025-03-21 14:40:03.6821 Info Request starting HTTP/2 POST https://localhost:7208/api/Reg/login application/json 60 
2025-03-21 14:40:03.7208 Info Executing endpoint 'Register_JWT.Controllers.RegController.Login (HelloGreetingApplication)' 
2025-03-21 14:40:03.7208 Info Route matched with {action = "Login", controller = "Reg"}. Executing controller action with signature System.Threading.Tasks.Task`1[Microsoft.AspNetCore.Mvc.IActionResult] Login(ModelLayer.Model.DTO.LoginDTO) on controller Register_JWT.Controllers.RegController (HelloGreetingApplication). 
2025-03-21 14:40:03.7780 Info Entity Framework Core 6.0.36 initialized 'GreetingContext' using provider 'Microsoft.EntityFrameworkCore.SqlServer:6.0.36' with options: None 
2025-03-21 14:40:03.8806 Info Executed DbCommand (74ms) [Parameters=[@__email_0='?' (Size = 4000)], CommandType='Text', CommandTimeout='30']
SELECT TOP(1) [u].[Id], [u].[Email], [u].[FirstName], [u].[LastName], [u].[Password]
FROM [Users] AS [u]
WHERE [u].[Email] = @__email_0 
2025-03-21 14:40:04.2303 Info Executing OkObjectResult, writing value of type '<>f__AnonymousType3`1[[System.String, System.Private.CoreLib, Version=6.0.0.0, Culture=neutral, PublicKeyToken=7cec85d7bea7798e]]'. 
2025-03-21 14:40:04.2303 Info Executed action Register_JWT.Controllers.RegController.Login (HelloGreetingApplication) in 504.3883ms 
2025-03-21 14:40:04.2303 Info Executed endpoint 'Register_JWT.Controllers.RegController.Login (HelloGreetingApplication)' 
2025-03-21 14:40:04.2303 Info Request finished HTTP/2 POST https://localhost:7208/api/Reg/login application/json 60 - 200 - application/json;+charset=utf-8 549.8804ms 
2025-03-21 14:40:27.7331 Info Request starting HTTP/2 POST https://localhost:7208/api/Reg/forgot-password application/json 36 
2025-03-21 14:40:27.7331 Info Executing endpoint 'Register_JWT.Controllers.RegController.ForgotPassword (HelloGreetingApplication)' 
2025-03-21 14:40:27.7331 Info Route matched with {action = "ForgotPassword", controller = "Reg"}. Executing controller action with signature System.Threading.Tasks.Task`1[Microsoft.AspNetCore.Mvc.IActionResult] ForgotPassword(ModelLayer.DTO.ForgotPasswordDTO) on controller Register_JWT.Controllers.RegController (HelloGreetingApplication). 
2025-03-21 14:40:27.8505 Info Entity Framework Core 6.0.36 initialized 'GreetingContext' using provider 'Microsoft.EntityFrameworkCore.SqlServer:6.0.36' with options: None 
2025-03-21 14:40:27.8585 Info Executed DbCommand (7ms) [Parameters=[@__email_0='?' (Size = 4000)], CommandType='Text', CommandTimeout='30']
SELECT TOP(1) [u].[Id], [u].[Email], [u].[FirstName], [u].[LastName], [u].[Password]
FROM [Users] AS [u]
WHERE [u].[Email] = @__email_0 
2025-03-21 14:40:27.9524 Error Exception: String reference not set to an instance of a String. (Parameter 's') 
2025-03-21 14:40:27.9524 Info Executing ObjectResult, writing value of type '<>f__AnonymousType0`3[[System.Boolean, System.Private.CoreLib, Version=6.0.0.0, Culture=neutral, PublicKeyToken=7cec85d7bea7798e],[System.String, System.Private.CoreLib, Version=6.0.0.0, Culture=neutral, PublicKeyToken=7cec85d7bea7798e],[System.Int32, System.Private.CoreLib, Version=6.0.0.0, Culture=neutral, PublicKeyToken=7cec85d7bea7798e]]'. 
2025-03-21 14:40:27.9524 Info Executed action Register_JWT.Controllers.RegController.ForgotPassword (HelloGreetingApplication) in 210.4624ms 
2025-03-21 14:40:27.9524 Info Executed endpoint 'Register_JWT.Controllers.RegController.ForgotPassword (HelloGreetingApplication)' 
2025-03-21 14:40:27.9524 Info Request finished HTTP/2 POST https://localhost:7208/api/Reg/forgot-password application/json 36 - 500 - application/json;+charset=utf-8 220.2768ms 
2025-03-21 16:42:13.4100 Info Starting application... 
2025-03-21 16:42:14.7139 Info Now listening on: https://localhost:7208 
2025-03-21 16:42:14.7139 Info Now listening on: http://localhost:5254 
2025-03-21 16:42:14.8115 Info Application started. Press Ctrl+C to shut down. 
2025-03-21 16:42:14.8115 Info Hosting environment: Development 
2025-03-21 16:42:14.8115 Info Content root path: C:\Users\Prashant\Desktop\GreetingApp\GreetingApp\HelloGreetingApplication\ 
2025-03-21 16:42:15.2531 Info Request starting HTTP/2 GET https://localhost:7208/swagger/index.html - - 
2025-03-21 16:42:15.6783 Info Request finished HTTP/2 GET https://localhost:7208/swagger/index.html - - - 200 - text/html;charset=utf-8 429.5940ms 
2025-03-21 16:42:15.6895 Info Request starting HTTP/2 GET https://localhost:7208/_framework/aspnetcore-browser-refresh.js - - 
2025-03-21 16:42:15.7035 Info Request starting HTTP/2 GET https://localhost:7208/_vs/browserLink - - 
2025-03-21 16:42:15.7350 Info Request finished HTTP/2 GET https://localhost:7208/_framework/aspnetcore-browser-refresh.js - - - 200 12380 application/javascript;+charset=utf-8 45.5406ms 
2025-03-21 16:42:15.7432 Info Request starting HTTP/2 GET https://localhost:7208/swagger/index.js - - 
2025-03-21 16:42:15.7873 Info Request finished HTTP/2 GET https://localhost:7208/swagger/index.js - - - 200 - application/javascript;charset=utf-8 44.1128ms 
2025-03-21 16:42:15.9080 Info Request finished HTTP/2 GET https://localhost:7208/_vs/browserLink - - - 200 - text/javascript;+charset=UTF-8 204.4653ms 
2025-03-21 16:42:15.9800 Info Request starting HTTP/2 GET https://localhost:7208/swagger/v1/swagger.json - - 
2025-03-21 16:42:15.9800 Info Request finished HTTP/2 GET https://localhost:7208/swagger/v1/swagger.json - - - 200 - application/json;charset=utf-8 10.7059ms 
2025-03-21 16:42:30.6291 Info Request starting HTTP/2 POST https://localhost:7208/api/Reg/login application/json 57 
2025-03-21 16:42:30.6377 Info Executing endpoint 'Register_JWT.Controllers.RegController.Login (HelloGreetingApplication)' 
2025-03-21 16:42:30.6675 Info Route matched with {action = "Login", controller = "Reg"}. Executing controller action with signature System.Threading.Tasks.Task`1[Microsoft.AspNetCore.Mvc.IActionResult] Login(ModelLayer.Model.DTO.LoginDTO) on controller Register_JWT.Controllers.RegController (HelloGreetingApplication). 
2025-03-21 16:42:31.4563 Info Entity Framework Core 6.0.36 initialized 'GreetingContext' using provider 'Microsoft.EntityFrameworkCore.SqlServer:6.0.36' with options: None 
2025-03-21 16:42:32.4622 Info Executed DbCommand (90ms) [Parameters=[@__email_0='?' (Size = 4000)], CommandType='Text', CommandTimeout='30']
SELECT TOP(1) [u].[Id], [u].[Email], [u].[FirstName], [u].[LastName], [u].[Password]
FROM [Users] AS [u]
WHERE [u].[Email] = @__email_0 
2025-03-21 16:42:32.7725 Info Executing OkObjectResult, writing value of type '<>f__AnonymousType3`1[[System.String, System.Private.CoreLib, Version=6.0.0.0, Culture=neutral, PublicKeyToken=7cec85d7bea7798e]]'. 
2025-03-21 16:42:32.7778 Info Executed action Register_JWT.Controllers.RegController.Login (HelloGreetingApplication) in 2107.0622ms 
2025-03-21 16:42:32.7778 Info Executed endpoint 'Register_JWT.Controllers.RegController.Login (HelloGreetingApplication)' 
2025-03-21 16:42:32.7985 Info Request finished HTTP/2 POST https://localhost:7208/api/Reg/login application/json 57 - 200 - application/json;+charset=utf-8 2169.4440ms 
2025-03-21 16:42:44.8436 Info Request starting HTTP/2 POST https://localhost:7208/api/Reg/login application/json 60 
2025-03-21 16:42:44.8625 Info Executing endpoint 'Register_JWT.Controllers.RegController.Login (HelloGreetingApplication)' 
2025-03-21 16:42:44.8625 Info Route matched with {action = "Login", controller = "Reg"}. Executing controller action with signature System.Threading.Tasks.Task`1[Microsoft.AspNetCore.Mvc.IActionResult] Login(ModelLayer.Model.DTO.LoginDTO) on controller Register_JWT.Controllers.RegController (HelloGreetingApplication). 
2025-03-21 16:42:44.8625 Info Entity Framework Core 6.0.36 initialized 'GreetingContext' using provider 'Microsoft.EntityFrameworkCore.SqlServer:6.0.36' with options: None 
2025-03-21 16:42:44.8889 Info Executed DbCommand (6ms) [Parameters=[@__email_0='?' (Size = 4000)], CommandType='Text', CommandTimeout='30']
SELECT TOP(1) [u].[Id], [u].[Email], [u].[FirstName], [u].[LastName], [u].[Password]
FROM [Users] AS [u]
WHERE [u].[Email] = @__email_0 
2025-03-21 16:42:44.8889 Info Executing OkObjectResult, writing value of type '<>f__AnonymousType3`1[[System.String, System.Private.CoreLib, Version=6.0.0.0, Culture=neutral, PublicKeyToken=7cec85d7bea7798e]]'. 
2025-03-21 16:42:44.8889 Info Executed action Register_JWT.Controllers.RegController.Login (HelloGreetingApplication) in 29.0722ms 
2025-03-21 16:42:44.8889 Info Executed endpoint 'Register_JWT.Controllers.RegController.Login (HelloGreetingApplication)' 
2025-03-21 16:42:44.8889 Info Request finished HTTP/2 POST https://localhost:7208/api/Reg/login application/json 60 - 200 - application/json;+charset=utf-8 48.7378ms 
2025-03-21 17:07:44.4445 Info Starting application... 
2025-03-21 17:07:44.6138 Error Application startup failed. Microsoft.Extensions.Hosting.HostFactoryResolver+HostingListener+StopTheHostException: Exception of type 'Microsoft.Extensions.Hosting.HostFactoryResolver+HostingListener+StopTheHostException' was thrown.
   at Microsoft.Extensions.Hosting.HostFactoryResolver.HostingListener.OnNext(KeyValuePair`2 value)
   at System.Diagnostics.DiagnosticListener.Write(String name, Object value)
   at Microsoft.Extensions.Hosting.HostBuilder.Build()
   at Microsoft.AspNetCore.Builder.WebApplicationBuilder.Build()
   at Program.<Main>$(String[] args) in C:\Users\Prashant\Desktop\GreetingApp\GreetingApp\HelloGreetingApplication\Program.cs:line 38
2025-03-21 17:07:47.6022 Info Starting application... 
2025-03-21 17:07:48.5236 Info Now listening on: https://localhost:7208 
2025-03-21 17:07:48.5324 Info Now listening on: http://localhost:5254 
2025-03-21 17:07:48.6109 Info Application started. Press Ctrl+C to shut down. 
2025-03-21 17:07:48.6109 Info Hosting environment: Development 
2025-03-21 17:07:48.6109 Info Content root path: C:\Users\Prashant\Desktop\GreetingApp\GreetingApp\HelloGreetingApplication\ 
2025-03-21 17:07:48.9482 Info Request starting HTTP/2 GET https://localhost:7208/swagger/index.html - - 
2025-03-21 17:07:49.2268 Info Request finished HTTP/2 GET https://localhost:7208/swagger/index.html - - - 200 - text/html;charset=utf-8 280.2241ms 
2025-03-21 17:07:49.2454 Info Request starting HTTP/2 GET https://localhost:7208/_framework/aspnetcore-browser-refresh.js - - 
2025-03-21 17:07:49.2454 Info Request starting HTTP/2 GET https://localhost:7208/swagger/index.js - - 
2025-03-21 17:07:49.2454 Info Request starting HTTP/2 GET https://localhost:7208/_vs/browserLink - - 
2025-03-21 17:07:49.2454 Info Request finished HTTP/2 GET https://localhost:7208/swagger/index.js - - - 200 - application/javascript;charset=utf-8 2.8962ms 
2025-03-21 17:07:49.2454 Info Request finished HTTP/2 GET https://localhost:7208/_framework/aspnetcore-browser-refresh.js - - - 200 12380 application/javascript;+charset=utf-8 5.4044ms 
2025-03-21 17:07:49.3226 Info Request finished HTTP/2 GET https://localhost:7208/_vs/browserLink - - - 200 - text/javascript;+charset=UTF-8 76.0677ms 
2025-03-21 17:07:49.4873 Info Request starting HTTP/2 GET https://localhost:7208/swagger/v1/swagger.json - - 
2025-03-21 17:07:49.4944 Info Request finished HTTP/2 GET https://localhost:7208/swagger/v1/swagger.json - - - 200 - application/json;charset=utf-8 7.0348ms 
2025-03-21 17:08:02.0549 Info Request starting HTTP/2 POST https://localhost:7208/api/Reg/forgot-password application/json 33 
2025-03-21 17:08:02.0621 Info Executing endpoint 'Register_JWT.Controllers.RegController.ForgotPassword (HelloGreetingApplication)' 
2025-03-21 17:08:02.1482 Info Route matched with {action = "ForgotPassword", controller = "Reg"}. Executing controller action with signature System.Threading.Tasks.Task`1[Microsoft.AspNetCore.Mvc.IActionResult] ForgotPassword(ModelLayer.DTO.ForgotPasswordDTO) on controller Register_JWT.Controllers.RegController (HelloGreetingApplication). 
2025-03-21 17:08:04.2219 Info Entity Framework Core 6.0.36 initialized 'GreetingContext' using provider 'Microsoft.EntityFrameworkCore.SqlServer:6.0.36' with options: None 
2025-03-21 17:08:06.4987 Info Executed DbCommand (255ms) [Parameters=[@__email_0='?' (Size = 4000)], CommandType='Text', CommandTimeout='30']
SELECT TOP(1) [u].[Id], [u].[Email], [u].[FirstName], [u].[LastName], [u].[Password]
FROM [Users] AS [u]
WHERE [u].[Email] = @__email_0 
2025-03-21 17:08:11.0255 Info Executing OkObjectResult, writing value of type '<>f__AnonymousType2`1[[System.String, System.Private.CoreLib, Version=6.0.0.0, Culture=neutral, PublicKeyToken=7cec85d7bea7798e]]'. 
2025-03-21 17:08:11.0255 Info Executed action Register_JWT.Controllers.RegController.ForgotPassword (HelloGreetingApplication) in 8882.5939ms 
2025-03-21 17:08:11.0255 Info Executed endpoint 'Register_JWT.Controllers.RegController.ForgotPassword (HelloGreetingApplication)' 
2025-03-21 17:08:11.0576 Info Request finished HTTP/2 POST https://localhost:7208/api/Reg/forgot-password application/json 33 - 200 - application/json;+charset=utf-8 9002.7105ms 
2025-03-21 17:11:38.6552 Info Request starting HTTP/2 POST https://localhost:7208/api/Reg/forgot-password application/json 36 
2025-03-21 17:11:38.6552 Info Executing endpoint 'Register_JWT.Controllers.RegController.ForgotPassword (HelloGreetingApplication)' 
2025-03-21 17:11:38.6552 Info Route matched with {action = "ForgotPassword", controller = "Reg"}. Executing controller action with signature System.Threading.Tasks.Task`1[Microsoft.AspNetCore.Mvc.IActionResult] ForgotPassword(ModelLayer.DTO.ForgotPasswordDTO) on controller Register_JWT.Controllers.RegController (HelloGreetingApplication). 
2025-03-21 17:11:38.7856 Info Entity Framework Core 6.0.36 initialized 'GreetingContext' using provider 'Microsoft.EntityFrameworkCore.SqlServer:6.0.36' with options: None 
2025-03-21 17:11:38.8396 Info Executed DbCommand (16ms) [Parameters=[@__email_0='?' (Size = 4000)], CommandType='Text', CommandTimeout='30']
SELECT TOP(1) [u].[Id], [u].[Email], [u].[FirstName], [u].[LastName], [u].[Password]
FROM [Users] AS [u]
WHERE [u].[Email] = @__email_0 
2025-03-21 17:11:42.4091 Info Executing OkObjectResult, writing value of type '<>f__AnonymousType2`1[[System.String, System.Private.CoreLib, Version=6.0.0.0, Culture=neutral, PublicKeyToken=7cec85d7bea7798e]]'. 
2025-03-21 17:11:42.4091 Info Executed action Register_JWT.Controllers.RegController.ForgotPassword (HelloGreetingApplication) in 3744.2067ms 
2025-03-21 17:11:42.4091 Info Executed endpoint 'Register_JWT.Controllers.RegController.ForgotPassword (HelloGreetingApplication)' 
2025-03-21 17:11:42.4091 Info Request finished HTTP/2 POST https://localhost:7208/api/Reg/forgot-password application/json 36 - 200 - application/json;+charset=utf-8 3755.4469ms 
2025-03-21 17:15:49.0203 Info Request starting HTTP/2 POST https://localhost:7208/api/Reg/reset-password application/json 320 
2025-03-21 17:15:49.0375 Info Executing endpoint 'Register_JWT.Controllers.RegController.ResetPassword (HelloGreetingApplication)' 
2025-03-21 17:15:49.0560 Info Route matched with {action = "ResetPassword", controller = "Reg"}. Executing controller action with signature System.Threading.Tasks.Task`1[Microsoft.AspNetCore.Mvc.IActionResult] ResetPassword(ModelLayer.DTO.ResetPasswordDTO) on controller Register_JWT.Controllers.RegController (HelloGreetingApplication). 
2025-03-21 17:15:49.3711 Info Entity Framework Core 6.0.36 initialized 'GreetingContext' using provider 'Microsoft.EntityFrameworkCore.SqlServer:6.0.36' with options: None 
2025-03-21 17:15:49.3833 Info Executed DbCommand (10ms) [Parameters=[@__email_0='?' (Size = 4000)], CommandType='Text', CommandTimeout='30']
SELECT TOP(1) [u].[Id], [u].[Email], [u].[FirstName], [u].[LastName], [u].[Password]
FROM [Users] AS [u]
WHERE [u].[Email] = @__email_0 
2025-03-21 17:15:49.6412 Info Executed DbCommand (18ms) [Parameters=[@p4='?' (DbType = Int32), @p0='?' (Size = 4000), @p1='?' (Size = 4000), @p2='?' (Size = 4000), @p3='?' (Size = 4000)], CommandType='Text', CommandTimeout='30']
SET NOCOUNT ON;
UPDATE [Users] SET [Email] = @p0, [FirstName] = @p1, [LastName] = @p2, [Password] = @p3
WHERE [Id] = @p4;
SELECT @@ROWCOUNT; 
2025-03-21 17:15:49.7168 Info Executing OkObjectResult, writing value of type '<>f__AnonymousType2`1[[System.String, System.Private.CoreLib, Version=6.0.0.0, Culture=neutral, PublicKeyToken=7cec85d7bea7798e]]'. 
2025-03-21 17:15:49.7168 Info Executed action Register_JWT.Controllers.RegController.ResetPassword (HelloGreetingApplication) in 661.1723ms 
2025-03-21 17:15:49.7168 Info Executed endpoint 'Register_JWT.Controllers.RegController.ResetPassword (HelloGreetingApplication)' 
2025-03-21 17:15:49.7168 Info Request finished HTTP/2 POST https://localhost:7208/api/Reg/reset-password application/json 320 - 200 - application/json;+charset=utf-8 701.5037ms 
2025-03-21 17:15:55.5020 Info Request starting HTTP/2 POST https://localhost:7208/api/Reg/forgot-password application/json 36 
2025-03-21 17:15:55.5020 Info Executing endpoint 'Register_JWT.Controllers.RegController.ForgotPassword (HelloGreetingApplication)' 
2025-03-21 17:15:55.5020 Info Route matched with {action = "ForgotPassword", controller = "Reg"}. Executing controller action with signature System.Threading.Tasks.Task`1[Microsoft.AspNetCore.Mvc.IActionResult] ForgotPassword(ModelLayer.DTO.ForgotPasswordDTO) on controller Register_JWT.Controllers.RegController (HelloGreetingApplication). 
2025-03-21 17:15:55.5214 Info Entity Framework Core 6.0.36 initialized 'GreetingContext' using provider 'Microsoft.EntityFrameworkCore.SqlServer:6.0.36' with options: None 
2025-03-21 17:15:55.5214 Info Executed DbCommand (3ms) [Parameters=[@__email_0='?' (Size = 4000)], CommandType='Text', CommandTimeout='30']
SELECT TOP(1) [u].[Id], [u].[Email], [u].[FirstName], [u].[LastName], [u].[Password]
FROM [Users] AS [u]
WHERE [u].[Email] = @__email_0 
2025-03-21 17:16:02.3765 Info Executing OkObjectResult, writing value of type '<>f__AnonymousType2`1[[System.String, System.Private.CoreLib, Version=6.0.0.0, Culture=neutral, PublicKeyToken=7cec85d7bea7798e]]'. 
2025-03-21 17:16:02.3765 Info Executed action Register_JWT.Controllers.RegController.ForgotPassword (HelloGreetingApplication) in 6857.102ms 
2025-03-21 17:16:02.3765 Info Executed endpoint 'Register_JWT.Controllers.RegController.ForgotPassword (HelloGreetingApplication)' 
2025-03-21 17:16:02.3765 Info Request finished HTTP/2 POST https://localhost:7208/api/Reg/forgot-password application/json 36 - 200 - application/json;+charset=utf-8 6875.1948ms 
2025-03-21 17:16:50.7680 Info Request starting HTTP/2 POST https://localhost:7208/api/Reg/reset-password application/json 321 
2025-03-21 17:16:50.7680 Info Executing endpoint 'Register_JWT.Controllers.RegController.ResetPassword (HelloGreetingApplication)' 
2025-03-21 17:16:50.7680 Info Route matched with {action = "ResetPassword", controller = "Reg"}. Executing controller action with signature System.Threading.Tasks.Task`1[Microsoft.AspNetCore.Mvc.IActionResult] ResetPassword(ModelLayer.DTO.ResetPasswordDTO) on controller Register_JWT.Controllers.RegController (HelloGreetingApplication). 
2025-03-21 17:16:50.7860 Info Entity Framework Core 6.0.36 initialized 'GreetingContext' using provider 'Microsoft.EntityFrameworkCore.SqlServer:6.0.36' with options: None 
2025-03-21 17:16:50.8038 Info Executed DbCommand (17ms) [Parameters=[@__email_0='?' (Size = 4000)], CommandType='Text', CommandTimeout='30']
SELECT TOP(1) [u].[Id], [u].[Email], [u].[FirstName], [u].[LastName], [u].[Password]
FROM [Users] AS [u]
WHERE [u].[Email] = @__email_0 
2025-03-21 17:16:50.8172 Info Executed DbCommand (5ms) [Parameters=[@p4='?' (DbType = Int32), @p0='?' (Size = 4000), @p1='?' (Size = 4000), @p2='?' (Size = 4000), @p3='?' (Size = 4000)], CommandType='Text', CommandTimeout='30']
SET NOCOUNT ON;
UPDATE [Users] SET [Email] = @p0, [FirstName] = @p1, [LastName] = @p2, [Password] = @p3
WHERE [Id] = @p4;
SELECT @@ROWCOUNT; 
2025-03-21 17:16:50.8172 Info Executing OkObjectResult, writing value of type '<>f__AnonymousType2`1[[System.String, System.Private.CoreLib, Version=6.0.0.0, Culture=neutral, PublicKeyToken=7cec85d7bea7798e]]'. 
2025-03-21 17:16:50.8172 Info Executed action Register_JWT.Controllers.RegController.ResetPassword (HelloGreetingApplication) in 49.2068ms 
2025-03-21 17:16:50.8172 Info Executed endpoint 'Register_JWT.Controllers.RegController.ResetPassword (HelloGreetingApplication)' 
2025-03-21 17:16:50.8172 Info Request finished HTTP/2 POST https://localhost:7208/api/Reg/reset-password application/json 321 - 200 - application/json;+charset=utf-8 56.0610ms 
